ac_id,req_id,feature
AC-CONN-MODE-001.1,REQ-CONN-MODE-001,01-Подключение-VPN/01-Режимы-подключения
AC-CONN-MODE-001.2,REQ-CONN-MODE-001,01-Подключение-VPN/01-Режимы-подключения
AC-CONN-MODE-001.3,REQ-CONN-MODE-001,01-Подключение-VPN/01-Режимы-подключения
AC-CONN-MODE-002.1,REQ-CONN-MODE-002,01-Подключение-VPN/01-Режимы-подключения
AC-CONN-MODE-002.2,REQ-CONN-MODE-002,01-Подключение-VPN/01-Режимы-подключения
AC-CONN-MODE-002.3,REQ-CONN-MODE-002,01-Подключение-VPN/01-Режимы-подключения
AC-CONN-MODE-002.4,REQ-CONN-MODE-002,01-Подключение-VPN/01-Режимы-подключения
AC-CONN-MODE-002.5,REQ-CONN-MODE-002,01-Подключение-VPN/01-Режимы-подключения
AC-CONN-MODE-003.1,REQ-CONN-MODE-003,01-Подключение-VPN/01-Режимы-подключения
AC-CONN-MODE-003.2,REQ-CONN-MODE-003,01-Подключение-VPN/01-Режимы-подключения
AC-CONN-MODE-003.3,REQ-CONN-MODE-003,01-Подключение-VPN/01-Режимы-подключения
AC-CONN-MODE-003.4,REQ-CONN-MODE-003,01-Подключение-VPN/01-Режимы-подключения
AC-CONN-MODE-004.1,REQ-CONN-MODE-004,01-Подключение-VPN/01-Режимы-подключения
AC-CONN-MODE-004.2,REQ-CONN-MODE-004,01-Подключение-VPN/01-Режимы-подключения
AC-CONN-MODE-004.3,REQ-CONN-MODE-004,01-Подключение-VPN/01-Режимы-подключения
AC-CONN-MODE-005.1,REQ-CONN-MODE-005,01-Подключение-VPN/01-Режимы-подключения
AC-CONN-MODE-005.2,REQ-CONN-MODE-005,01-Подключение-VPN/01-Режимы-подключения
AC-CONN-MODE-005.3,REQ-CONN-MODE-005,01-Подключение-VPN/01-Режимы-подключения
AC-CONN-MODE-005.4,REQ-CONN-MODE-005,01-Подключение-VPN/01-Режимы-подключения
AC-CONN-REC-001.1,REQ-CONN-REC-001,01-Подключение-VPN/02-Автовосстановление
AC-CONN-REC-001.2,REQ-CONN-REC-001,01-Подключение-VPN/02-Автовосстановление
AC-CONN-REC-001.3,REQ-CONN-REC-001,01-Подключение-VPN/02-Автовосстановление
AC-CONN-REC-001.4,REQ-CONN-REC-001,01-Подключение-VPN/02-Автовосстановление
AC-CONN-REC-001.5,REQ-CONN-REC-001,01-Подключение-VPN/02-Автовосстановление
AC-CONN-REC-002.1,REQ-CONN-REC-002,01-Подключение-VPN/02-Автовосстановление
AC-CONN-REC-002.2,REQ-CONN-REC-002,01-Подключение-VPN/02-Автовосстановление
AC-CONN-REC-002.3,REQ-CONN-REC-002,01-Подключение-VPN/02-Автовосстановление
AC-CONN-REC-003.1,REQ-CONN-REC-003,01-Подключение-VPN/02-Автовосстановление
AC-CONN-REC-003.2,REQ-CONN-REC-003,01-Подключение-VPN/02-Автовосстановление
AC-CONN-REC-003.3,REQ-CONN-REC-003,01-Подключение-VPN/02-Автовосстановление
AC-CONN-REC-003.4,REQ-CONN-REC-003,01-Подключение-VPN/02-Автовосстановление
AC-CONN-REC-004.1,REQ-CONN-REC-004,01-Подключение-VPN/02-Автовосстановление
AC-CONN-REC-004.2,REQ-CONN-REC-004,01-Подключение-VPN/02-Автовосстановление
AC-CONN-REC-004.3,REQ-CONN-REC-004,01-Подключение-VPN/02-Автовосстановление
AC-CONN-REC-004.4,REQ-CONN-REC-004,01-Подключение-VPN/02-Автовосстановление
AC-CONN-ADAPT-001.1,REQ-CONN-ADAPT-001,01-Подключение-VPN/03-Адаптивный-обход-блокировок
AC-CONN-ADAPT-001.2,REQ-CONN-ADAPT-001,01-Подключение-VPN/03-Адаптивный-обход-блокировок
AC-CONN-ADAPT-001.3,REQ-CONN-ADAPT-001,01-Подключение-VPN/03-Адаптивный-обход-блокировок
AC-CONN-ADAPT-001.4,REQ-CONN-ADAPT-001,01-Подключение-VPN/03-Адаптивный-обход-блокировок
AC-CONN-ADAPT-002.1,REQ-CONN-ADAPT-002,01-Подключение-VPN/03-Адаптивный-обход-блокировок
AC-CONN-ADAPT-002.2,REQ-CONN-ADAPT-002,01-Подключение-VPN/03-Адаптивный-обход-блокировок
AC-CONN-ADAPT-002.3,REQ-CONN-ADAPT-002,01-Подключение-VPN/03-Адаптивный-обход-блокировок
AC-CONN-ADAPT-002.4,REQ-CONN-ADAPT-002,01-Подключение-VPN/03-Адаптивный-обход-блокировок
AC-CONN-ADAPT-002.5,REQ-CONN-ADAPT-002,01-Подключение-VPN/03-Адаптивный-обход-блокировок
AC-CONN-ADAPT-003.1,REQ-CONN-ADAPT-003,01-Подключение-VPN/03-Адаптивный-обход-блокировок
AC-CONN-ADAPT-003.2,REQ-CONN-ADAPT-003,01-Подключение-VPN/03-Адаптивный-обход-блокировок
AC-CONN-ADAPT-003.3,REQ-CONN-ADAPT-003,01-Подключение-VPN/03-Адаптивный-обход-блокировок
AC-CONN-ADAPT-003.4,REQ-CONN-ADAPT-003,01-Подключение-VPN/03-Адаптивный-обход-блокировок
AC-CONN-ADAPT-004.1,REQ-CONN-ADAPT-004,01-Подключение-VPN/03-Адаптивный-обход-блокировок
AC-CONN-ADAPT-004.2,REQ-CONN-ADAPT-004,01-Подключение-VPN/03-Адаптивный-обход-блокировок
AC-CONN-ADAPT-004.3,REQ-CONN-ADAPT-004,01-Подключение-VPN/03-Адаптивный-обход-блокировок
AC-CONN-ADAPT-004.4,REQ-CONN-ADAPT-004,01-Подключение-VPN/03-Адаптивный-обход-блокировок
AC-CONN-ADAPT-004.5,REQ-CONN-ADAPT-004,01-Подключение-VPN/03-Адаптивный-обход-блокировок
AC-CONN-ADAPT-005.1,REQ-CONN-ADAPT-005,01-Подключение-VPN/03-Адаптивный-обход-блокировок
AC-CONN-ADAPT-005.2,REQ-CONN-ADAPT-005,01-Подключение-VPN/03-Адаптивный-обход-блокировок
AC-CONN-ADAPT-005.3,REQ-CONN-ADAPT-005,01-Подключение-VPN/03-Адаптивный-обход-блокировок
AC-CONN-ADAPT-005.4,REQ-CONN-ADAPT-005,01-Подключение-VPN/03-Адаптивный-обход-блокировок
AC-CONN-ADAPT-006.1,REQ-CONN-ADAPT-006,01-Подключение-VPN/03-Адаптивный-обход-блокировок
AC-CONN-ADAPT-006.2,REQ-CONN-ADAPT-006,01-Подключение-VPN/03-Адаптивный-обход-блокировок
AC-CONN-ADAPT-006.3,REQ-CONN-ADAPT-006,01-Подключение-VPN/03-Адаптивный-обход-блокировок
AC-CONN-CORE-001.1,REQ-CONN-CORE-001,01-Подключение-VPN/04-Ядро-mihomo-план
AC-CONN-CORE-001.2,REQ-CONN-CORE-001,01-Подключение-VPN/04-Ядро-mihomo-план
AC-CONN-CORE-001.3,REQ-CONN-CORE-001,01-Подключение-VPN/04-Ядро-mihomo-план
AC-CONN-CORE-001.4,REQ-CONN-CORE-001,01-Подключение-VPN/04-Ядро-mihomo-план
AC-CONN-CORE-002.1,REQ-CONN-CORE-002,01-Подключение-VPN/04-Ядро-mihomo-план
AC-CONN-CORE-002.2,REQ-CONN-CORE-002,01-Подключение-VPN/04-Ядро-mihomo-план
AC-CONN-CORE-002.3,REQ-CONN-CORE-002,01-Подключение-VPN/04-Ядро-mihomo-план
AC-CONN-CORE-002.4,REQ-CONN-CORE-002,01-Подключение-VPN/04-Ядро-mihomo-план
AC-CONN-CORE-003.1,REQ-CONN-CORE-003,01-Подключение-VPN/04-Ядро-mihomo-план
AC-CONN-CORE-003.2,REQ-CONN-CORE-003,01-Подключение-VPN/04-Ядро-mihomo-план
AC-CONN-CORE-003.3,REQ-CONN-CORE-003,01-Подключение-VPN/04-Ядро-mihomo-план
AC-CONN-AWG-001.1,REQ-CONN-AWG-001,01-Подключение-VPN/05-AmneziaWG-план
AC-CONN-AWG-001.2,REQ-CONN-AWG-001,01-Подключение-VPN/05-AmneziaWG-план
AC-CONN-AWG-001.3,REQ-CONN-AWG-001,01-Подключение-VPN/05-AmneziaWG-план
AC-CONN-AWG-001.4,REQ-CONN-AWG-001,01-Подключение-VPN/05-AmneziaWG-план
AC-CONN-AWG-001.5,REQ-CONN-AWG-001,01-Подключение-VPN/05-AmneziaWG-план
AC-CONN-AWG-002.1,REQ-CONN-AWG-002,01-Подключение-VPN/05-AmneziaWG-план
AC-CONN-AWG-002.2,REQ-CONN-AWG-002,01-Подключение-VPN/05-AmneziaWG-план
AC-CONN-AWG-002.3,REQ-CONN-AWG-002,01-Подключение-VPN/05-AmneziaWG-план
AC-CONN-AWG-002.4,REQ-CONN-AWG-002,01-Подключение-VPN/05-AmneziaWG-план
AC-CONN-AWG-002.5,REQ-CONN-AWG-002,01-Подключение-VPN/05-AmneziaWG-план
AC-CONN-AWG-003.1,REQ-CONN-AWG-003,01-Подключение-VPN/05-AmneziaWG-план
AC-CONN-AWG-003.2,REQ-CONN-AWG-003,01-Подключение-VPN/05-AmneziaWG-план
AC-CONN-AWG-003.3,REQ-CONN-AWG-003,01-Подключение-VPN/05-AmneziaWG-план
AC-CONN-AWG-003.4,REQ-CONN-AWG-003,01-Подключение-VPN/05-AmneziaWG-план
AC-CONN-001.1,REQ-CONN-001,01-Подключение-VPN
AC-CONN-001.2,REQ-CONN-001,01-Подключение-VPN
AC-CONN-001.3,REQ-CONN-001,01-Подключение-VPN
AC-CONN-001.4,REQ-CONN-001,01-Подключение-VPN
AC-CONN-002.1,REQ-CONN-002,01-Подключение-VPN
AC-CONN-002.2,REQ-CONN-002,01-Подключение-VPN
AC-CONN-002.3,REQ-CONN-002,01-Подключение-VPN
AC-CONN-002.4,REQ-CONN-002,01-Подключение-VPN
AC-CONN-003.1,REQ-CONN-003,01-Подключение-VPN
AC-CONN-003.2,REQ-CONN-003,01-Подключение-VPN
AC-CONN-003.3,REQ-CONN-003,01-Подключение-VPN
AC-CONN-003.4,REQ-CONN-003,01-Подключение-VPN
AC-CONN-003.5,REQ-CONN-003,01-Подключение-VPN
AC-CONN-004.1,REQ-CONN-004,01-Подключение-VPN
AC-CONN-004.2,REQ-CONN-004,01-Подключение-VPN
AC-CONN-004.3,REQ-CONN-004,01-Подключение-VPN
AC-LEAK-KS-001.1,REQ-LEAK-KS-001,02-Защита-от-утечек/01-Kill-switch-и-исключения
AC-LEAK-KS-001.2,REQ-LEAK-KS-001,02-Защита-от-утечек/01-Kill-switch-и-исключения
AC-LEAK-KS-001.3,REQ-LEAK-KS-001,02-Защита-от-утечек/01-Kill-switch-и-исключения
AC-LEAK-KS-001.4,REQ-LEAK-KS-001,02-Защита-от-утечек/01-Kill-switch-и-исключения
AC-LEAK-KS-001.5,REQ-LEAK-KS-001,02-Защита-от-утечек/01-Kill-switch-и-исключения
AC-LEAK-KS-001.6,REQ-LEAK-KS-001,02-Защита-от-утечек/01-Kill-switch-и-исключения
AC-LEAK-KS-001.7,REQ-LEAK-KS-001,02-Защита-от-утечек/01-Kill-switch-и-исключения
AC-LEAK-KS-001.8,REQ-LEAK-KS-001,02-Защита-от-утечек/01-Kill-switch-и-исключения
AC-LEAK-KS-001.9,REQ-LEAK-KS-001,02-Защита-от-утечек/01-Kill-switch-и-исключения
AC-LEAK-KS-002.1,REQ-LEAK-KS-002,02-Защита-от-утечек/01-Kill-switch-и-исключения
AC-LEAK-KS-002.2,REQ-LEAK-KS-002,02-Защита-от-утечек/01-Kill-switch-и-исключения
AC-LEAK-KS-002.3,REQ-LEAK-KS-002,02-Защита-от-утечек/01-Kill-switch-и-исключения
AC-LEAK-KS-002.4,REQ-LEAK-KS-002,02-Защита-от-утечек/01-Kill-switch-и-исключения
AC-LEAK-KS-002.5,REQ-LEAK-KS-002,02-Защита-от-утечек/01-Kill-switch-и-исключения
AC-LEAK-KS-002.6,REQ-LEAK-KS-002,02-Защита-от-утечек/01-Kill-switch-и-исключения
AC-LEAK-KS-002.7,REQ-LEAK-KS-002,02-Защита-от-утечек/01-Kill-switch-и-исключения
AC-LEAK-KS-002.8,REQ-LEAK-KS-002,02-Защита-от-утечек/01-Kill-switch-и-исключения
AC-LEAK-KS-003.1,REQ-LEAK-KS-003,02-Защита-от-утечек/01-Kill-switch-и-исключения
AC-LEAK-KS-003.2,REQ-LEAK-KS-003,02-Защита-от-утечек/01-Kill-switch-и-исключения
AC-LEAK-KS-003.3,REQ-LEAK-KS-003,02-Защита-от-утечек/01-Kill-switch-и-исключения
AC-LEAK-KS-003.4,REQ-LEAK-KS-003,02-Защита-от-утечек/01-Kill-switch-и-исключения
AC-LEAK-KS-003.5,REQ-LEAK-KS-003,02-Защита-от-утечек/01-Kill-switch-и-исключения
AC-LEAK-KS-003.6,REQ-LEAK-KS-003,02-Защита-от-утечек/01-Kill-switch-и-исключения
AC-LEAK-KS-003.7,REQ-LEAK-KS-003,02-Защита-от-утечек/01-Kill-switch-и-исключения
AC-LEAK-KS-003.8,REQ-LEAK-KS-003,02-Защита-от-утечек/01-Kill-switch-и-исключения
AC-LEAK-KS-004.1,REQ-LEAK-KS-004,02-Защита-от-утечек/01-Kill-switch-и-исключения
AC-LEAK-KS-004.2,REQ-LEAK-KS-004,02-Защита-от-утечек/01-Kill-switch-и-исключения
AC-LEAK-KS-004.3,REQ-LEAK-KS-004,02-Защита-от-утечек/01-Kill-switch-и-исключения
AC-LEAK-KS-004.4,REQ-LEAK-KS-004,02-Защита-от-утечек/01-Kill-switch-и-исключения
AC-LEAK-KS-004.5,REQ-LEAK-KS-004,02-Защита-от-утечек/01-Kill-switch-и-исключения
AC-LEAK-KS-004.6,REQ-LEAK-KS-004,02-Защита-от-утечек/01-Kill-switch-и-исключения
AC-LEAK-KS-005.1,REQ-LEAK-KS-005,02-Защита-от-утечек/01-Kill-switch-и-исключения
AC-LEAK-KS-005.2,REQ-LEAK-KS-005,02-Защита-от-утечек/01-Kill-switch-и-исключения
AC-LEAK-KS-005.3,REQ-LEAK-KS-005,02-Защита-от-утечек/01-Kill-switch-и-исключения
AC-LEAK-KS-005.4,REQ-LEAK-KS-005,02-Защита-от-утечек/01-Kill-switch-и-исключения
AC-LEAK-KS-005.5,REQ-LEAK-KS-005,02-Защита-от-утечек/01-Kill-switch-и-исключения
AC-LEAK-NET-001.1,REQ-LEAK-NET-001,02-Защита-от-утечек/02-Блокировка-адаптеров-IPv6-DNS
AC-LEAK-NET-001.2,REQ-LEAK-NET-001,02-Защита-от-утечек/02-Блокировка-адаптеров-IPv6-DNS
AC-LEAK-NET-001.3,REQ-LEAK-NET-001,02-Защита-от-утечек/02-Блокировка-адаптеров-IPv6-DNS
AC-LEAK-NET-001.4,REQ-LEAK-NET-001,02-Защита-от-утечек/02-Блокировка-адаптеров-IPv6-DNS
AC-LEAK-NET-002.1,REQ-LEAK-NET-002,02-Защита-от-утечек/02-Блокировка-адаптеров-IPv6-DNS
AC-LEAK-NET-002.2,REQ-LEAK-NET-002,02-Защита-от-утечек/02-Блокировка-адаптеров-IPv6-DNS
AC-LEAK-NET-002.3,REQ-LEAK-NET-002,02-Защита-от-утечек/02-Блокировка-адаптеров-IPv6-DNS
AC-LEAK-NET-003.1,REQ-LEAK-NET-003,02-Защита-от-утечек/02-Блокировка-адаптеров-IPv6-DNS
AC-LEAK-NET-003.2,REQ-LEAK-NET-003,02-Защита-от-утечек/02-Блокировка-адаптеров-IPv6-DNS
AC-LEAK-NET-003.3,REQ-LEAK-NET-003,02-Защита-от-утечек/02-Блокировка-адаптеров-IPv6-DNS
AC-LEAK-NET-004.1,REQ-LEAK-NET-004,02-Защита-от-утечек/02-Блокировка-адаптеров-IPv6-DNS
AC-LEAK-NET-004.2,REQ-LEAK-NET-004,02-Защита-от-утечек/02-Блокировка-адаптеров-IPv6-DNS
AC-LEAK-NET-004.3,REQ-LEAK-NET-004,02-Защита-от-утечек/02-Блокировка-адаптеров-IPv6-DNS
AC-LEAK-NET-004.4,REQ-LEAK-NET-004,02-Защита-от-утечек/02-Блокировка-адаптеров-IPv6-DNS
AC-LEAK-NET-004.5,REQ-LEAK-NET-004,02-Защита-от-утечек/02-Блокировка-адаптеров-IPv6-DNS
AC-LEAK-NET-004.6,REQ-LEAK-NET-004,02-Защита-от-утечек/02-Блокировка-адаптеров-IPv6-DNS
AC-LEAK-NET-005.1,REQ-LEAK-NET-005,02-Защита-от-утечек/02-Блокировка-адаптеров-IPv6-DNS
AC-LEAK-NET-005.2,REQ-LEAK-NET-005,02-Защита-от-утечек/02-Блокировка-адаптеров-IPv6-DNS
AC-LEAK-NET-005.3,REQ-LEAK-NET-005,02-Защита-от-утечек/02-Блокировка-адаптеров-IPv6-DNS
AC-LEAK-NET-005.4,REQ-LEAK-NET-005,02-Защита-от-утечек/02-Блокировка-адаптеров-IPv6-DNS
AC-LEAK-BR-001.1,REQ-LEAK-BR-001,02-Защита-от-утечек/03-Защита-браузеров
AC-LEAK-BR-001.2,REQ-LEAK-BR-001,02-Защита-от-утечек/03-Защита-браузеров
AC-LEAK-BR-001.3,REQ-LEAK-BR-001,02-Защита-от-утечек/03-Защита-браузеров
AC-LEAK-BR-001.4,REQ-LEAK-BR-001,02-Защита-от-утечек/03-Защита-браузеров
AC-LEAK-BR-001.5,REQ-LEAK-BR-001,02-Защита-от-утечек/03-Защита-браузеров
AC-LEAK-BR-001.6,REQ-LEAK-BR-001,02-Защита-от-утечек/03-Защита-браузеров
AC-LEAK-BR-002.1,REQ-LEAK-BR-002,02-Защита-от-утечек/03-Защита-браузеров
AC-LEAK-BR-002.2,REQ-LEAK-BR-002,02-Защита-от-утечек/03-Защита-браузеров
AC-LEAK-BR-002.3,REQ-LEAK-BR-002,02-Защита-от-утечек/03-Защита-браузеров
AC-LEAK-BR-002.4,REQ-LEAK-BR-002,02-Защита-от-утечек/03-Защита-браузеров
AC-LEAK-BR-002.5,REQ-LEAK-BR-002,02-Защита-от-утечек/03-Защита-браузеров
AC-LEAK-BR-002.6,REQ-LEAK-BR-002,02-Защита-от-утечек/03-Защита-браузеров
AC-LEAK-BR-002.7,REQ-LEAK-BR-002,02-Защита-от-утечек/03-Защита-браузеров
AC-LEAK-BR-003.1,REQ-LEAK-BR-003,02-Защита-от-утечек/03-Защита-браузеров
AC-LEAK-BR-003.2,REQ-LEAK-BR-003,02-Защита-от-утечек/03-Защита-браузеров
AC-LEAK-BR-003.3,REQ-LEAK-BR-003,02-Защита-от-утечек/03-Защита-браузеров
AC-LEAK-BR-003.4,REQ-LEAK-BR-003,02-Защита-от-утечек/03-Защита-браузеров
AC-LEAK-BR-003.5,REQ-LEAK-BR-003,02-Защита-от-утечек/03-Защита-браузеров
AC-LEAK-BR-004.1,REQ-LEAK-BR-004,02-Защита-от-утечек/03-Защита-браузеров
AC-LEAK-BR-004.2,REQ-LEAK-BR-004,02-Защита-от-утечек/03-Защита-браузеров
AC-LEAK-BR-004.3,REQ-LEAK-BR-004,02-Защита-от-утечек/03-Защита-браузеров
AC-LEAK-RCV-001.1,REQ-LEAK-RCV-001,02-Защита-от-утечек/04-Восстановление-сети
AC-LEAK-RCV-001.2,REQ-LEAK-RCV-001,02-Защита-от-утечек/04-Восстановление-сети
AC-LEAK-RCV-001.3,REQ-LEAK-RCV-001,02-Защита-от-утечек/04-Восстановление-сети
AC-LEAK-RCV-001.4,REQ-LEAK-RCV-001,02-Защита-от-утечек/04-Восстановление-сети
AC-LEAK-RCV-001.5,REQ-LEAK-RCV-001,02-Защита-от-утечек/04-Восстановление-сети
AC-LEAK-RCV-001.6,REQ-LEAK-RCV-001,02-Защита-от-утечек/04-Восстановление-сети
AC-LEAK-RCV-002.1,REQ-LEAK-RCV-002,02-Защита-от-утечек/04-Восстановление-сети
AC-LEAK-RCV-002.2,REQ-LEAK-RCV-002,02-Защита-от-утечек/04-Восстановление-сети
AC-LEAK-RCV-002.3,REQ-LEAK-RCV-002,02-Защита-от-утечек/04-Восстановление-сети
AC-LEAK-RCV-002.4,REQ-LEAK-RCV-002,02-Защита-от-утечек/04-Восстановление-сети
AC-LEAK-RCV-002.5,REQ-LEAK-RCV-002,02-Защита-от-утечек/04-Восстановление-сети
AC-LEAK-RCV-003.1,REQ-LEAK-RCV-003,02-Защита-от-утечек/04-Восстановление-сети
AC-LEAK-RCV-003.2,REQ-LEAK-RCV-003,02-Защита-от-утечек/04-Восстановление-сети
AC-LEAK-RCV-003.3,REQ-LEAK-RCV-003,02-Защита-от-утечек/04-Восстановление-сети
AC-LEAK-RCV-004.1,REQ-LEAK-RCV-004,02-Защита-от-утечек/04-Восстановление-сети
AC-LEAK-RCV-004.2,REQ-LEAK-RCV-004,02-Защита-от-утечек/04-Восстановление-сети
AC-LEAK-RCV-004.3,REQ-LEAK-RCV-004,02-Защита-от-утечек/04-Восстановление-сети
AC-LEAK-001.1,REQ-LEAK-001,02-Защита-от-утечек
AC-LEAK-001.2,REQ-LEAK-001,02-Защита-от-утечек
AC-LEAK-001.3,REQ-LEAK-001,02-Защита-от-утечек
AC-LEAK-002.1,REQ-LEAK-002,02-Защита-от-утечек
AC-LEAK-002.2,REQ-LEAK-002,02-Защита-от-утечек
AC-LEAK-002.3,REQ-LEAK-002,02-Защита-от-утечек
AC-LEAK-003.1,REQ-LEAK-003,02-Защита-от-утечек
AC-LEAK-003.2,REQ-LEAK-003,02-Защита-от-утечек
AC-LEAK-003.3,REQ-LEAK-003,02-Защита-от-утечек
AC-LEAK-004.1,REQ-LEAK-004,02-Защита-от-утечек
AC-LEAK-004.2,REQ-LEAK-004,02-Защита-от-утечек
AC-LEAK-004.3,REQ-LEAK-004,02-Защита-от-утечек
AC-SRV-IMP-001.1,REQ-SRV-IMP-001,03-Серверы-и-подписки/01-Импорт-ключей
AC-SRV-IMP-001.2,REQ-SRV-IMP-001,03-Серверы-и-подписки/01-Импорт-ключей
AC-SRV-IMP-001.3,REQ-SRV-IMP-001,03-Серверы-и-подписки/01-Импорт-ключей
AC-SRV-IMP-001.4,REQ-SRV-IMP-001,03-Серверы-и-подписки/01-Импорт-ключей
AC-SRV-IMP-002.1,REQ-SRV-IMP-002,03-Серверы-и-подписки/01-Импорт-ключей
AC-SRV-IMP-002.2,REQ-SRV-IMP-002,03-Серверы-и-подписки/01-Импорт-ключей
AC-SRV-IMP-002.3,REQ-SRV-IMP-002,03-Серверы-и-подписки/01-Импорт-ключей
AC-SRV-IMP-002.4,REQ-SRV-IMP-002,03-Серверы-и-подписки/01-Импорт-ключей
AC-SRV-IMP-002.5,REQ-SRV-IMP-002,03-Серверы-и-подписки/01-Импорт-ключей
AC-SRV-IMP-003.1,REQ-SRV-IMP-003,03-Серверы-и-подписки/01-Импорт-ключей
AC-SRV-IMP-003.2,REQ-SRV-IMP-003,03-Серверы-и-подписки/01-Импорт-ключей
AC-SRV-IMP-003.3,REQ-SRV-IMP-003,03-Серверы-и-подписки/01-Импорт-ключей
AC-SRV-IMP-003.4,REQ-SRV-IMP-003,03-Серверы-и-подписки/01-Импорт-ключей
AC-SRV-IMP-003.5,REQ-SRV-IMP-003,03-Серверы-и-подписки/01-Импорт-ключей
AC-SRV-IMP-004.1,REQ-SRV-IMP-004,03-Серверы-и-подписки/01-Импорт-ключей
AC-SRV-IMP-004.2,REQ-SRV-IMP-004,03-Серверы-и-подписки/01-Импорт-ключей
AC-SRV-IMP-004.3,REQ-SRV-IMP-004,03-Серверы-и-подписки/01-Импорт-ключей
AC-SRV-IMP-004.4,REQ-SRV-IMP-004,03-Серверы-и-подписки/01-Импорт-ключей
AC-SRV-IMP-005.1,REQ-SRV-IMP-005,03-Серверы-и-подписки/01-Импорт-ключей
AC-SRV-IMP-005.2,REQ-SRV-IMP-005,03-Серверы-и-подписки/01-Импорт-ключей
AC-SRV-IMP-005.3,REQ-SRV-IMP-005,03-Серверы-и-подписки/01-Импорт-ключей
AC-SRV-IMP-005.4,REQ-SRV-IMP-005,03-Серверы-и-подписки/01-Импорт-ключей
AC-SRV-IMP-006.1,REQ-SRV-IMP-006,03-Серверы-и-подписки/01-Импорт-ключей
AC-SRV-IMP-006.2,REQ-SRV-IMP-006,03-Серверы-и-подписки/01-Импорт-ключей
AC-SRV-IMP-006.3,REQ-SRV-IMP-006,03-Серверы-и-подписки/01-Импорт-ключей
AC-SRV-IMP-006.4,REQ-SRV-IMP-006,03-Серверы-и-подписки/01-Импорт-ключей
AC-SRV-IMP-006.5,REQ-SRV-IMP-006,03-Серверы-и-подписки/01-Импорт-ключей
AC-SRV-SUB-001.1,REQ-SRV-SUB-001,03-Серверы-и-подписки/02-Подписки-и-группы
AC-SRV-SUB-001.2,REQ-SRV-SUB-001,03-Серверы-и-подписки/02-Подписки-и-группы
AC-SRV-SUB-001.3,REQ-SRV-SUB-001,03-Серверы-и-подписки/02-Подписки-и-группы
AC-SRV-SUB-001.4,REQ-SRV-SUB-001,03-Серверы-и-подписки/02-Подписки-и-группы
AC-SRV-SUB-002.1,REQ-SRV-SUB-002,03-Серверы-и-подписки/02-Подписки-и-группы
AC-SRV-SUB-002.2,REQ-SRV-SUB-002,03-Серверы-и-подписки/02-Подписки-и-группы
AC-SRV-SUB-002.3,REQ-SRV-SUB-002,03-Серверы-и-подписки/02-Подписки-и-группы
AC-SRV-SUB-002.4,REQ-SRV-SUB-002,03-Серверы-и-подписки/02-Подписки-и-группы
AC-SRV-SUB-003.1,REQ-SRV-SUB-003,03-Серверы-и-подписки/02-Подписки-и-группы
AC-SRV-SUB-003.2,REQ-SRV-SUB-003,03-Серверы-и-подписки/02-Подписки-и-группы
AC-SRV-SUB-003.3,REQ-SRV-SUB-003,03-Серверы-и-подписки/02-Подписки-и-группы
AC-SRV-SUB-003.4,REQ-SRV-SUB-003,03-Серверы-и-подписки/02-Подписки-и-группы
AC-SRV-SUB-003.5,REQ-SRV-SUB-003,03-Серверы-и-подписки/02-Подписки-и-группы
AC-SRV-SUB-003.6,REQ-SRV-SUB-003,03-Серверы-и-подписки/02-Подписки-и-группы
AC-SRV-SUB-004.1,REQ-SRV-SUB-004,03-Серверы-и-подписки/02-Подписки-и-группы
AC-SRV-SUB-004.2,REQ-SRV-SUB-004,03-Серверы-и-подписки/02-Подписки-и-группы
AC-SRV-SUB-004.3,REQ-SRV-SUB-004,03-Серверы-и-подписки/02-Подписки-и-группы
AC-SRV-SUB-004.4,REQ-SRV-SUB-004,03-Серверы-и-подписки/02-Подписки-и-группы
AC-SRV-SUB-005.1,REQ-SRV-SUB-005,03-Серверы-и-подписки/02-Подписки-и-группы
AC-SRV-SUB-005.2,REQ-SRV-SUB-005,03-Серверы-и-подписки/02-Подписки-и-группы
AC-SRV-SUB-005.3,REQ-SRV-SUB-005,03-Серверы-и-подписки/02-Подписки-и-группы
AC-SRV-SUB-005.4,REQ-SRV-SUB-005,03-Серверы-и-подписки/02-Подписки-и-группы
AC-SRV-SUB-006.1,REQ-SRV-SUB-006,03-Серверы-и-подписки/02-Подписки-и-группы
AC-SRV-SUB-006.2,REQ-SRV-SUB-006,03-Серверы-и-подписки/02-Подписки-и-группы
AC-SRV-SUB-006.3,REQ-SRV-SUB-006,03-Серверы-и-подписки/02-Подписки-и-группы
AC-SRV-SUB-006.4,REQ-SRV-SUB-006,03-Серверы-и-подписки/02-Подписки-и-группы
AC-SRV-CHK-001.1,REQ-SRV-CHK-001,03-Серверы-и-подписки/03-Проверка-серверов
AC-SRV-CHK-001.2,REQ-SRV-CHK-001,03-Серверы-и-подписки/03-Проверка-серверов
AC-SRV-CHK-001.3,REQ-SRV-CHK-001,03-Серверы-и-подписки/03-Проверка-серверов
AC-SRV-CHK-001.4,REQ-SRV-CHK-001,03-Серверы-и-подписки/03-Проверка-серверов
AC-SRV-CHK-002.1,REQ-SRV-CHK-002,03-Серверы-и-подписки/03-Проверка-серверов
AC-SRV-CHK-002.2,REQ-SRV-CHK-002,03-Серверы-и-подписки/03-Проверка-серверов
AC-SRV-CHK-002.3,REQ-SRV-CHK-002,03-Серверы-и-подписки/03-Проверка-серверов
AC-SRV-CHK-002.4,REQ-SRV-CHK-002,03-Серверы-и-подписки/03-Проверка-серверов
AC-SRV-CHK-003.1,REQ-SRV-CHK-003,03-Серверы-и-подписки/03-Проверка-серверов
AC-SRV-CHK-003.2,REQ-SRV-CHK-003,03-Серверы-и-подписки/03-Проверка-серверов
AC-SRV-CHK-003.3,REQ-SRV-CHK-003,03-Серверы-и-подписки/03-Проверка-серверов
AC-SRV-CHK-003.4,REQ-SRV-CHK-003,03-Серверы-и-подписки/03-Проверка-серверов
AC-SRV-CHK-004.1,REQ-SRV-CHK-004,03-Серверы-и-подписки/03-Проверка-серверов
AC-SRV-CHK-004.2,REQ-SRV-CHK-004,03-Серверы-и-подписки/03-Проверка-серверов
AC-SRV-CHK-004.3,REQ-SRV-CHK-004,03-Серверы-и-подписки/03-Проверка-серверов
AC-SRV-CHK-004.4,REQ-SRV-CHK-004,03-Серверы-и-подписки/03-Проверка-серверов
AC-SRV-CHK-005.1,REQ-SRV-CHK-005,03-Серверы-и-подписки/03-Проверка-серверов
AC-SRV-CHK-005.2,REQ-SRV-CHK-005,03-Серверы-и-подписки/03-Проверка-серверов
AC-SRV-CHK-005.3,REQ-SRV-CHK-005,03-Серверы-и-подписки/03-Проверка-серверов
AC-SRV-CHK-005.4,REQ-SRV-CHK-005,03-Серверы-и-подписки/03-Проверка-серверов
AC-SRV-CHK-005.5,REQ-SRV-CHK-005,03-Серверы-и-подписки/03-Проверка-серверов
AC-SRV-CHK-006.1,REQ-SRV-CHK-006,03-Серверы-и-подписки/03-Проверка-серверов
AC-SRV-CHK-006.2,REQ-SRV-CHK-006,03-Серверы-и-подписки/03-Проверка-серверов
AC-SRV-CHK-006.3,REQ-SRV-CHK-006,03-Серверы-и-подписки/03-Проверка-серверов
AC-SRV-CHK-006.4,REQ-SRV-CHK-006,03-Серверы-и-подписки/03-Проверка-серверов
AC-SRV-CHK-006.5,REQ-SRV-CHK-006,03-Серверы-и-подписки/03-Проверка-серверов
AC-SRV-CHK-006.6,REQ-SRV-CHK-006,03-Серверы-и-подписки/03-Проверка-серверов
AC-SRV-CHK-006.7,REQ-SRV-CHK-006,03-Серверы-и-подписки/03-Проверка-серверов
AC-SRV-CHK-006.8,REQ-SRV-CHK-006,03-Серверы-и-подписки/03-Проверка-серверов
AC-SRV-CHK-006.9,REQ-SRV-CHK-006,03-Серверы-и-подписки/03-Проверка-серверов
AC-SRV-CHK-006.10,REQ-SRV-CHK-006,03-Серверы-и-подписки/03-Проверка-серверов
AC-SRV-CHK-006.11,REQ-SRV-CHK-006,03-Серверы-и-подписки/03-Проверка-серверов
AC-SRV-EXP-001.1,REQ-SRV-EXP-001,03-Серверы-и-подписки/04-Экспорт-ключей
AC-SRV-EXP-001.2,REQ-SRV-EXP-001,03-Серверы-и-подписки/04-Экспорт-ключей
AC-SRV-EXP-001.3,REQ-SRV-EXP-001,03-Серверы-и-подписки/04-Экспорт-ключей
AC-SRV-EXP-001.4,REQ-SRV-EXP-001,03-Серверы-и-подписки/04-Экспорт-ключей
AC-SRV-EXP-002.1,REQ-SRV-EXP-002,03-Серверы-и-подписки/04-Экспорт-ключей
AC-SRV-EXP-002.2,REQ-SRV-EXP-002,03-Серверы-и-подписки/04-Экспорт-ключей
AC-SRV-EXP-002.3,REQ-SRV-EXP-002,03-Серверы-и-подписки/04-Экспорт-ключей
AC-SRV-EXP-002.4,REQ-SRV-EXP-002,03-Серверы-и-подписки/04-Экспорт-ключей
AC-SRV-EXP-002.5,REQ-SRV-EXP-002,03-Серверы-и-подписки/04-Экспорт-ключей
AC-SRV-EXP-002.6,REQ-SRV-EXP-002,03-Серверы-и-подписки/04-Экспорт-ключей
AC-SRV-EXP-003.1,REQ-SRV-EXP-003,03-Серверы-и-подписки/04-Экспорт-ключей
AC-SRV-EXP-003.2,REQ-SRV-EXP-003,03-Серверы-и-подписки/04-Экспорт-ключей
AC-SRV-XP-001.1,REQ-SRV-XP-001,03-Серверы-и-подписки/05-Внешний-локальный-прокси
AC-SRV-XP-001.2,REQ-SRV-XP-001,03-Серверы-и-подписки/05-Внешний-локальный-прокси
AC-SRV-XP-001.3,REQ-SRV-XP-001,03-Серверы-и-подписки/05-Внешний-локальный-прокси
AC-SRV-XP-001.4,REQ-SRV-XP-001,03-Серверы-и-подписки/05-Внешний-локальный-прокси
AC-SRV-XP-001.5,REQ-SRV-XP-001,03-Серверы-и-подписки/05-Внешний-локальный-прокси
AC-SRV-XP-002.1,REQ-SRV-XP-002,03-Серверы-и-подписки/05-Внешний-локальный-прокси
AC-SRV-XP-002.2,REQ-SRV-XP-002,03-Серверы-и-подписки/05-Внешний-локальный-прокси
AC-SRV-XP-002.3,REQ-SRV-XP-002,03-Серверы-и-подписки/05-Внешний-локальный-прокси
AC-SRV-XP-002.4,REQ-SRV-XP-002,03-Серверы-и-подписки/05-Внешний-локальный-прокси
AC-SRV-XP-002.5,REQ-SRV-XP-002,03-Серверы-и-подписки/05-Внешний-локальный-прокси
AC-SRV-XP-003.1,REQ-SRV-XP-003,03-Серверы-и-подписки/05-Внешний-локальный-прокси
AC-SRV-XP-003.2,REQ-SRV-XP-003,03-Серверы-и-подписки/05-Внешний-локальный-прокси
AC-SRV-XP-003.3,REQ-SRV-XP-003,03-Серверы-и-подписки/05-Внешний-локальный-прокси
AC-SRV-XP-003.4,REQ-SRV-XP-003,03-Серверы-и-подписки/05-Внешний-локальный-прокси
AC-SRV-XP-003.5,REQ-SRV-XP-003,03-Серверы-и-подписки/05-Внешний-локальный-прокси
AC-SRV-XP-004.1,REQ-SRV-XP-004,03-Серверы-и-подписки/05-Внешний-локальный-прокси
AC-SRV-XP-004.2,REQ-SRV-XP-004,03-Серверы-и-подписки/05-Внешний-локальный-прокси
AC-SRV-XP-004.3,REQ-SRV-XP-004,03-Серверы-и-подписки/05-Внешний-локальный-прокси
AC-SRV-XP-004.4,REQ-SRV-XP-004,03-Серверы-и-подписки/05-Внешний-локальный-прокси
AC-SRV-XP-004.5,REQ-SRV-XP-004,03-Серверы-и-подписки/05-Внешний-локальный-прокси
AC-SRV-XP-005.1,REQ-SRV-XP-005,03-Серверы-и-подписки/05-Внешний-локальный-прокси
AC-SRV-XP-005.2,REQ-SRV-XP-005,03-Серверы-и-подписки/05-Внешний-локальный-прокси
AC-SRV-XP-005.3,REQ-SRV-XP-005,03-Серверы-и-подписки/05-Внешний-локальный-прокси
AC-SRV-XP-005.4,REQ-SRV-XP-005,03-Серверы-и-подписки/05-Внешний-локальный-прокси
AC-SRV-XP-006.1,REQ-SRV-XP-006,03-Серверы-и-подписки/05-Внешний-локальный-прокси
AC-SRV-XP-006.2,REQ-SRV-XP-006,03-Серверы-и-подписки/05-Внешний-локальный-прокси
AC-SRV-XP-006.3,REQ-SRV-XP-006,03-Серверы-и-подписки/05-Внешний-локальный-прокси
AC-SRV-XP-006.4,REQ-SRV-XP-006,03-Серверы-и-подписки/05-Внешний-локальный-прокси
AC-SRV-XP-006.5,REQ-SRV-XP-006,03-Серверы-и-подписки/05-Внешний-локальный-прокси
AC-SRV-001.1,REQ-SRV-001,03-Серверы-и-подписки
AC-SRV-001.2,REQ-SRV-001,03-Серверы-и-подписки
AC-SRV-001.3,REQ-SRV-001,03-Серверы-и-подписки
AC-SRV-001.4,REQ-SRV-001,03-Серверы-и-подписки
AC-SRV-002.1,REQ-SRV-002,03-Серверы-и-подписки
AC-SRV-002.2,REQ-SRV-002,03-Серверы-и-подписки
AC-SRV-002.3,REQ-SRV-002,03-Серверы-и-подписки
AC-SRV-002.4,REQ-SRV-002,03-Серверы-и-подписки
AC-SRV-002.5,REQ-SRV-002,03-Серверы-и-подписки
AC-SRV-003.1,REQ-SRV-003,03-Серверы-и-подписки
AC-SRV-003.2,REQ-SRV-003,03-Серверы-и-подписки
AC-SRV-003.3,REQ-SRV-003,03-Серверы-и-подписки
AC-SRV-003.4,REQ-SRV-003,03-Серверы-и-подписки
AC-SRV-004.1,REQ-SRV-004,03-Серверы-и-подписки
AC-SRV-004.2,REQ-SRV-004,03-Серверы-и-подписки
AC-SRV-004.3,REQ-SRV-004,03-Серверы-и-подписки
AC-SRV-005.1,REQ-SRV-005,03-Серверы-и-подписки
AC-SRV-005.2,REQ-SRV-005,03-Серверы-и-подписки
AC-SRV-005.3,REQ-SRV-005,03-Серверы-и-подписки
AC-SRV-005.4,REQ-SRV-005,03-Серверы-и-подписки
AC-SRV-005.5,REQ-SRV-005,03-Серверы-и-подписки
AC-ROUTE-RU-001.1,REQ-ROUTE-RU-001,04-Маршрутизация/01-Smart-RU
AC-ROUTE-RU-001.2,REQ-ROUTE-RU-001,04-Маршрутизация/01-Smart-RU
AC-ROUTE-RU-001.3,REQ-ROUTE-RU-001,04-Маршрутизация/01-Smart-RU
AC-ROUTE-RU-001.4,REQ-ROUTE-RU-001,04-Маршрутизация/01-Smart-RU
AC-ROUTE-RU-002.1,REQ-ROUTE-RU-002,04-Маршрутизация/01-Smart-RU
AC-ROUTE-RU-002.2,REQ-ROUTE-RU-002,04-Маршрутизация/01-Smart-RU
AC-ROUTE-RU-002.3,REQ-ROUTE-RU-002,04-Маршрутизация/01-Smart-RU
AC-ROUTE-RU-003.1,REQ-ROUTE-RU-003,04-Маршрутизация/01-Smart-RU
AC-ROUTE-RU-003.2,REQ-ROUTE-RU-003,04-Маршрутизация/01-Smart-RU
AC-ROUTE-RU-003.3,REQ-ROUTE-RU-003,04-Маршрутизация/01-Smart-RU
AC-ROUTE-RU-004.1,REQ-ROUTE-RU-004,04-Маршрутизация/01-Smart-RU
AC-ROUTE-RU-004.2,REQ-ROUTE-RU-004,04-Маршрутизация/01-Smart-RU
AC-ROUTE-RU-004.3,REQ-ROUTE-RU-004,04-Маршрутизация/01-Smart-RU
AC-ROUTE-RU-004.4,REQ-ROUTE-RU-004,04-Маршрутизация/01-Smart-RU
AC-ROUTE-RU-005.1,REQ-ROUTE-RU-005,04-Маршрутизация/01-Smart-RU
AC-ROUTE-RU-005.2,REQ-ROUTE-RU-005,04-Маршрутизация/01-Smart-RU
AC-ROUTE-RU-005.3,REQ-ROUTE-RU-005,04-Маршрутизация/01-Smart-RU
AC-ROUTE-RU-005.4,REQ-ROUTE-RU-005,04-Маршрутизация/01-Smart-RU
AC-ROUTE-DOM-001.1,REQ-ROUTE-DOM-001,04-Маршрутизация/02-Доменные-правила
AC-ROUTE-DOM-001.2,REQ-ROUTE-DOM-001,04-Маршрутизация/02-Доменные-правила
AC-ROUTE-DOM-001.3,REQ-ROUTE-DOM-001,04-Маршрутизация/02-Доменные-правила
AC-ROUTE-DOM-001.4,REQ-ROUTE-DOM-001,04-Маршрутизация/02-Доменные-правила
AC-ROUTE-DOM-002.1,REQ-ROUTE-DOM-002,04-Маршрутизация/02-Доменные-правила
AC-ROUTE-DOM-002.2,REQ-ROUTE-DOM-002,04-Маршрутизация/02-Доменные-правила
AC-ROUTE-DOM-002.3,REQ-ROUTE-DOM-002,04-Маршрутизация/02-Доменные-правила
AC-ROUTE-DOM-002.4,REQ-ROUTE-DOM-002,04-Маршрутизация/02-Доменные-правила
AC-ROUTE-DOM-002.5,REQ-ROUTE-DOM-002,04-Маршрутизация/02-Доменные-правила
AC-ROUTE-DOM-002.6,REQ-ROUTE-DOM-002,04-Маршрутизация/02-Доменные-правила
AC-ROUTE-DOM-002.7,REQ-ROUTE-DOM-002,04-Маршрутизация/02-Доменные-правила
AC-ROUTE-DOM-002.8,REQ-ROUTE-DOM-002,04-Маршрутизация/02-Доменные-правила
AC-ROUTE-DOM-003.1,REQ-ROUTE-DOM-003,04-Маршрутизация/02-Доменные-правила
AC-ROUTE-DOM-003.2,REQ-ROUTE-DOM-003,04-Маршрутизация/02-Доменные-правила
AC-ROUTE-DOM-003.3,REQ-ROUTE-DOM-003,04-Маршрутизация/02-Доменные-правила
AC-ROUTE-DOM-003.4,REQ-ROUTE-DOM-003,04-Маршрутизация/02-Доменные-правила
AC-ROUTE-DOM-004.1,REQ-ROUTE-DOM-004,04-Маршрутизация/02-Доменные-правила
AC-ROUTE-DOM-004.2,REQ-ROUTE-DOM-004,04-Маршрутизация/02-Доменные-правила
AC-ROUTE-DOM-004.3,REQ-ROUTE-DOM-004,04-Маршрутизация/02-Доменные-правила
AC-ROUTE-DOM-004.4,REQ-ROUTE-DOM-004,04-Маршрутизация/02-Доменные-правила
AC-ROUTE-DOM-005.1,REQ-ROUTE-DOM-005,04-Маршрутизация/02-Доменные-правила
AC-ROUTE-DOM-005.2,REQ-ROUTE-DOM-005,04-Маршрутизация/02-Доменные-правила
AC-ROUTE-DOM-005.3,REQ-ROUTE-DOM-005,04-Маршрутизация/02-Доменные-правила
AC-ROUTE-DOM-005.4,REQ-ROUTE-DOM-005,04-Маршрутизация/02-Доменные-правила
AC-ROUTE-DOM-006.1,REQ-ROUTE-DOM-006,04-Маршрутизация/02-Доменные-правила
AC-ROUTE-DOM-006.2,REQ-ROUTE-DOM-006,04-Маршрутизация/02-Доменные-правила
AC-ROUTE-DOM-006.3,REQ-ROUTE-DOM-006,04-Маршрутизация/02-Доменные-правила
AC-ROUTE-DOM-006.4,REQ-ROUTE-DOM-006,04-Маршрутизация/02-Доменные-правила
AC-ROUTE-APP-001.1,REQ-ROUTE-APP-001,04-Маршрутизация/03-Раздельное-туннелирование
AC-ROUTE-APP-001.2,REQ-ROUTE-APP-001,04-Маршрутизация/03-Раздельное-туннелирование
AC-ROUTE-APP-001.3,REQ-ROUTE-APP-001,04-Маршрутизация/03-Раздельное-туннелирование
AC-ROUTE-APP-001.4,REQ-ROUTE-APP-001,04-Маршрутизация/03-Раздельное-туннелирование
AC-ROUTE-APP-002.1,REQ-ROUTE-APP-002,04-Маршрутизация/03-Раздельное-туннелирование
AC-ROUTE-APP-002.2,REQ-ROUTE-APP-002,04-Маршрутизация/03-Раздельное-туннелирование
AC-ROUTE-APP-002.3,REQ-ROUTE-APP-002,04-Маршрутизация/03-Раздельное-туннелирование
AC-ROUTE-APP-002.4,REQ-ROUTE-APP-002,04-Маршрутизация/03-Раздельное-туннелирование
AC-ROUTE-APP-003.1,REQ-ROUTE-APP-003,04-Маршрутизация/03-Раздельное-туннелирование
AC-ROUTE-APP-003.2,REQ-ROUTE-APP-003,04-Маршрутизация/03-Раздельное-туннелирование
AC-ROUTE-APP-003.3,REQ-ROUTE-APP-003,04-Маршрутизация/03-Раздельное-туннелирование
AC-ROUTE-APP-003.4,REQ-ROUTE-APP-003,04-Маршрутизация/03-Раздельное-туннелирование
AC-ROUTE-APP-004.1,REQ-ROUTE-APP-004,04-Маршрутизация/03-Раздельное-туннелирование
AC-ROUTE-APP-004.2,REQ-ROUTE-APP-004,04-Маршрутизация/03-Раздельное-туннелирование
AC-ROUTE-APP-004.3,REQ-ROUTE-APP-004,04-Маршрутизация/03-Раздельное-туннелирование
AC-ROUTE-APP-004.4,REQ-ROUTE-APP-004,04-Маршрутизация/03-Раздельное-туннелирование
AC-ROUTE-APP-005.1,REQ-ROUTE-APP-005,04-Маршрутизация/03-Раздельное-туннелирование
AC-ROUTE-APP-005.2,REQ-ROUTE-APP-005,04-Маршрутизация/03-Раздельное-туннелирование
AC-ROUTE-APP-005.3,REQ-ROUTE-APP-005,04-Маршрутизация/03-Раздельное-туннелирование
AC-ROUTE-APP-005.4,REQ-ROUTE-APP-005,04-Маршрутизация/03-Раздельное-туннелирование
AC-ROUTE-APP-005.5,REQ-ROUTE-APP-005,04-Маршрутизация/03-Раздельное-туннелирование
AC-ROUTE-APP-006.1,REQ-ROUTE-APP-006,04-Маршрутизация/03-Раздельное-туннелирование
AC-ROUTE-APP-006.2,REQ-ROUTE-APP-006,04-Маршрутизация/03-Раздельное-туннелирование
AC-ROUTE-APP-006.3,REQ-ROUTE-APP-006,04-Маршрутизация/03-Раздельное-туннелирование
AC-ROUTE-APP-006.4,REQ-ROUTE-APP-006,04-Маршрутизация/03-Раздельное-туннелирование
AC-ROUTE-APP-007.1,REQ-ROUTE-APP-007,04-Маршрутизация/03-Раздельное-туннелирование
AC-ROUTE-APP-007.2,REQ-ROUTE-APP-007,04-Маршрутизация/03-Раздельное-туннелирование
AC-ROUTE-APP-007.3,REQ-ROUTE-APP-007,04-Маршрутизация/03-Раздельное-туннелирование
AC-ROUTE-DNS-001.1,REQ-ROUTE-DNS-001,04-Маршрутизация/04-DNS-профили
AC-ROUTE-DNS-001.2,REQ-ROUTE-DNS-001,04-Маршрутизация/04-DNS-профили
AC-ROUTE-DNS-001.3,REQ-ROUTE-DNS-001,04-Маршрутизация/04-DNS-профили
AC-ROUTE-DNS-001.4,REQ-ROUTE-DNS-001,04-Маршрутизация/04-DNS-профили
AC-ROUTE-DNS-001.5,REQ-ROUTE-DNS-001,04-Маршрутизация/04-DNS-профили
AC-ROUTE-DNS-001.6,REQ-ROUTE-DNS-001,04-Маршрутизация/04-DNS-профили
AC-ROUTE-DNS-002.1,REQ-ROUTE-DNS-002,04-Маршрутизация/04-DNS-профили
AC-ROUTE-DNS-002.2,REQ-ROUTE-DNS-002,04-Маршрутизация/04-DNS-профили
AC-ROUTE-DNS-002.3,REQ-ROUTE-DNS-002,04-Маршрутизация/04-DNS-профили
AC-ROUTE-DNS-002.4,REQ-ROUTE-DNS-002,04-Маршрутизация/04-DNS-профили
AC-ROUTE-DNS-003.1,REQ-ROUTE-DNS-003,04-Маршрутизация/04-DNS-профили
AC-ROUTE-DNS-003.2,REQ-ROUTE-DNS-003,04-Маршрутизация/04-DNS-профили
AC-ROUTE-DNS-003.3,REQ-ROUTE-DNS-003,04-Маршрутизация/04-DNS-профили
AC-ROUTE-DNS-004.1,REQ-ROUTE-DNS-004,04-Маршрутизация/04-DNS-профили
AC-ROUTE-DNS-004.2,REQ-ROUTE-DNS-004,04-Маршрутизация/04-DNS-профили
AC-ROUTE-DNS-004.3,REQ-ROUTE-DNS-004,04-Маршрутизация/04-DNS-профили
AC-ROUTE-DNS-004.4,REQ-ROUTE-DNS-004,04-Маршрутизация/04-DNS-профили
AC-ROUTE-DNS-004.5,REQ-ROUTE-DNS-004,04-Маршрутизация/04-DNS-профили
AC-ROUTE-DNS-004.6,REQ-ROUTE-DNS-004,04-Маршрутизация/04-DNS-профили
AC-ROUTE-DNS-005.1,REQ-ROUTE-DNS-005,04-Маршрутизация/04-DNS-профили
AC-ROUTE-DNS-005.2,REQ-ROUTE-DNS-005,04-Маршрутизация/04-DNS-профили
AC-ROUTE-DNS-005.3,REQ-ROUTE-DNS-005,04-Маршрутизация/04-DNS-профили
AC-ROUTE-DNS-005.4,REQ-ROUTE-DNS-005,04-Маршрутизация/04-DNS-профили
AC-ROUTE-001.1,REQ-ROUTE-001,04-Маршрутизация
AC-ROUTE-001.2,REQ-ROUTE-001,04-Маршрутизация
AC-ROUTE-001.3,REQ-ROUTE-001,04-Маршрутизация
AC-ROUTE-002.1,REQ-ROUTE-002,04-Маршрутизация
AC-ROUTE-002.2,REQ-ROUTE-002,04-Маршрутизация
AC-ROUTE-002.3,REQ-ROUTE-002,04-Маршрутизация
AC-ROUTE-003.1,REQ-ROUTE-003,04-Маршрутизация
AC-ROUTE-003.2,REQ-ROUTE-003,04-Маршрутизация
AC-ROUTE-003.3,REQ-ROUTE-003,04-Маршрутизация
AC-ROUTE-004.1,REQ-ROUTE-004,04-Маршрутизация
AC-ROUTE-004.2,REQ-ROUTE-004,04-Маршрутизация
AC-ROUTE-004.3,REQ-ROUTE-004,04-Маршрутизация
AC-ROUTE-005.1,REQ-ROUTE-005,04-Маршрутизация
AC-ROUTE-005.2,REQ-ROUTE-005,04-Маршрутизация
AC-ROUTE-005.3,REQ-ROUTE-005,04-Маршрутизация
AC-MON-LIVE-001.1,REQ-MON-LIVE-001,05-Мониторинг/01-IP-и-трафик
AC-MON-LIVE-001.2,REQ-MON-LIVE-001,05-Мониторинг/01-IP-и-трафик
AC-MON-LIVE-001.3,REQ-MON-LIVE-001,05-Мониторинг/01-IP-и-трафик
AC-MON-LIVE-001.4,REQ-MON-LIVE-001,05-Мониторинг/01-IP-и-трафик
AC-MON-LIVE-002.1,REQ-MON-LIVE-002,05-Мониторинг/01-IP-и-трафик
AC-MON-LIVE-002.2,REQ-MON-LIVE-002,05-Мониторинг/01-IP-и-трафик
AC-MON-LIVE-002.3,REQ-MON-LIVE-002,05-Мониторинг/01-IP-и-трафик
AC-MON-LIVE-002.4,REQ-MON-LIVE-002,05-Мониторинг/01-IP-и-трафик
AC-MON-LIVE-003.1,REQ-MON-LIVE-003,05-Мониторинг/01-IP-и-трафик
AC-MON-LIVE-003.2,REQ-MON-LIVE-003,05-Мониторинг/01-IP-и-трафик
AC-MON-LIVE-003.3,REQ-MON-LIVE-003,05-Мониторинг/01-IP-и-трафик
AC-MON-LIVE-003.4,REQ-MON-LIVE-003,05-Мониторинг/01-IP-и-трафик
AC-MON-LIVE-003.5,REQ-MON-LIVE-003,05-Мониторинг/01-IP-и-трафик
AC-MON-LIVE-004.1,REQ-MON-LIVE-004,05-Мониторинг/01-IP-и-трафик
AC-MON-LIVE-004.2,REQ-MON-LIVE-004,05-Мониторинг/01-IP-и-трафик
AC-MON-LIVE-004.3,REQ-MON-LIVE-004,05-Мониторинг/01-IP-и-трафик
AC-MON-LIVE-004.4,REQ-MON-LIVE-004,05-Мониторинг/01-IP-и-трафик
AC-MON-LIVE-005.1,REQ-MON-LIVE-005,05-Мониторинг/01-IP-и-трафик
AC-MON-LIVE-005.2,REQ-MON-LIVE-005,05-Мониторинг/01-IP-и-трафик
AC-MON-LIVE-005.3,REQ-MON-LIVE-005,05-Мониторинг/01-IP-и-трафик
AC-MON-LIVE-005.4,REQ-MON-LIVE-005,05-Мониторинг/01-IP-и-трафик
AC-MON-LIVE-005.5,REQ-MON-LIVE-005,05-Мониторинг/01-IP-и-трафик
AC-MON-LIVE-006.1,REQ-MON-LIVE-006,05-Мониторинг/01-IP-и-трафик
AC-MON-LIVE-006.2,REQ-MON-LIVE-006,05-Мониторинг/01-IP-и-трафик
AC-MON-LIVE-006.3,REQ-MON-LIVE-006,05-Мониторинг/01-IP-и-трафик
AC-MON-LIVE-006.4,REQ-MON-LIVE-006,05-Мониторинг/01-IP-и-трафик
AC-MON-LIVE-006.5,REQ-MON-LIVE-006,05-Мониторинг/01-IP-и-трафик
AC-MON-LIVE-007.1,REQ-MON-LIVE-007,05-Мониторинг/01-IP-и-трафик
AC-MON-LIVE-007.2,REQ-MON-LIVE-007,05-Мониторинг/01-IP-и-трафик
AC-MON-LIVE-007.3,REQ-MON-LIVE-007,05-Мониторинг/01-IP-и-трафик
AC-MON-LIVE-007.4,REQ-MON-LIVE-007,05-Мониторинг/01-IP-и-трафик
AC-MON-HIST-001.1,REQ-MON-HIST-001,05-Мониторинг/02-История
AC-MON-HIST-001.2,REQ-MON-HIST-001,05-Мониторинг/02-История
AC-MON-HIST-001.3,REQ-MON-HIST-001,05-Мониторинг/02-История
AC-MON-HIST-001.4,REQ-MON-HIST-001,05-Мониторинг/02-История
AC-MON-HIST-001.5,REQ-MON-HIST-001,05-Мониторинг/02-История
AC-MON-HIST-001.6,REQ-MON-HIST-001,05-Мониторинг/02-История
AC-MON-HIST-002.1,REQ-MON-HIST-002,05-Мониторинг/02-История
AC-MON-HIST-002.2,REQ-MON-HIST-002,05-Мониторинг/02-История
AC-MON-HIST-002.3,REQ-MON-HIST-002,05-Мониторинг/02-История
AC-MON-HIST-002.4,REQ-MON-HIST-002,05-Мониторинг/02-История
AC-MON-HIST-003.1,REQ-MON-HIST-003,05-Мониторинг/02-История
AC-MON-HIST-003.2,REQ-MON-HIST-003,05-Мониторинг/02-История
AC-MON-HIST-003.3,REQ-MON-HIST-003,05-Мониторинг/02-История
AC-MON-HIST-003.4,REQ-MON-HIST-003,05-Мониторинг/02-История
AC-MON-HIST-003.5,REQ-MON-HIST-003,05-Мониторинг/02-История
AC-MON-HIST-004.1,REQ-MON-HIST-004,05-Мониторинг/02-История
AC-MON-HIST-004.2,REQ-MON-HIST-004,05-Мониторинг/02-История
AC-MON-HIST-004.3,REQ-MON-HIST-004,05-Мониторинг/02-История
AC-MON-HIST-004.4,REQ-MON-HIST-004,05-Мониторинг/02-История
AC-MON-HIST-004.5,REQ-MON-HIST-004,05-Мониторинг/02-История
AC-MON-HIST-004.6,REQ-MON-HIST-004,05-Мониторинг/02-История
AC-MON-HIST-004.7,REQ-MON-HIST-004,05-Мониторинг/02-История
AC-MON-HIST-005.1,REQ-MON-HIST-005,05-Мониторинг/02-История
AC-MON-HIST-005.2,REQ-MON-HIST-005,05-Мониторинг/02-История
AC-MON-HIST-005.3,REQ-MON-HIST-005,05-Мониторинг/02-История
AC-MON-HIST-005.4,REQ-MON-HIST-005,05-Мониторинг/02-История
AC-MON-HIST-006.1,REQ-MON-HIST-006,05-Мониторинг/02-История
AC-MON-HIST-006.2,REQ-MON-HIST-006,05-Мониторинг/02-История
AC-MON-HIST-006.3,REQ-MON-HIST-006,05-Мониторинг/02-История
AC-MON-HIST-006.4,REQ-MON-HIST-006,05-Мониторинг/02-История
AC-MON-AV-001.1,REQ-MON-AV-001,05-Мониторинг/03-Доступность-сайтов
AC-MON-AV-001.2,REQ-MON-AV-001,05-Мониторинг/03-Доступность-сайтов
AC-MON-AV-001.3,REQ-MON-AV-001,05-Мониторинг/03-Доступность-сайтов
AC-MON-AV-001.4,REQ-MON-AV-001,05-Мониторинг/03-Доступность-сайтов
AC-MON-AV-002.1,REQ-MON-AV-002,05-Мониторинг/03-Доступность-сайтов
AC-MON-AV-002.2,REQ-MON-AV-002,05-Мониторинг/03-Доступность-сайтов
AC-MON-AV-002.3,REQ-MON-AV-002,05-Мониторинг/03-Доступность-сайтов
AC-MON-AV-002.4,REQ-MON-AV-002,05-Мониторинг/03-Доступность-сайтов
AC-MON-AV-003.1,REQ-MON-AV-003,05-Мониторинг/03-Доступность-сайтов
AC-MON-AV-003.2,REQ-MON-AV-003,05-Мониторинг/03-Доступность-сайтов
AC-MON-AV-003.3,REQ-MON-AV-003,05-Мониторинг/03-Доступность-сайтов
AC-MON-AV-003.4,REQ-MON-AV-003,05-Мониторинг/03-Доступность-сайтов
AC-MON-AV-004.1,REQ-MON-AV-004,05-Мониторинг/03-Доступность-сайтов
AC-MON-AV-004.2,REQ-MON-AV-004,05-Мониторинг/03-Доступность-сайтов
AC-MON-AV-004.3,REQ-MON-AV-004,05-Мониторинг/03-Доступность-сайтов
AC-MON-AV-004.4,REQ-MON-AV-004,05-Мониторинг/03-Доступность-сайтов
AC-MON-AV-004.5,REQ-MON-AV-004,05-Мониторинг/03-Доступность-сайтов
AC-MON-AV-004.6,REQ-MON-AV-004,05-Мониторинг/03-Доступность-сайтов
AC-MON-AV-005.1,REQ-MON-AV-005,05-Мониторинг/03-Доступность-сайтов
AC-MON-AV-005.2,REQ-MON-AV-005,05-Мониторинг/03-Доступность-сайтов
AC-MON-AV-005.3,REQ-MON-AV-005,05-Мониторинг/03-Доступность-сайтов
AC-MON-AV-005.4,REQ-MON-AV-005,05-Мониторинг/03-Доступность-сайтов
AC-MON-AV-006.1,REQ-MON-AV-006,05-Мониторинг/03-Доступность-сайтов
AC-MON-AV-006.2,REQ-MON-AV-006,05-Мониторинг/03-Доступность-сайтов
AC-MON-AV-006.3,REQ-MON-AV-006,05-Мониторинг/03-Доступность-сайтов
AC-MON-AV-006.4,REQ-MON-AV-006,05-Мониторинг/03-Доступность-сайтов
AC-MON-SPD-001.1,REQ-MON-SPD-001,05-Мониторинг/04-Тест-скорости
AC-MON-SPD-001.2,REQ-MON-SPD-001,05-Мониторинг/04-Тест-скорости
AC-MON-SPD-001.3,REQ-MON-SPD-001,05-Мониторинг/04-Тест-скорости
AC-MON-SPD-001.4,REQ-MON-SPD-001,05-Мониторинг/04-Тест-скорости
AC-MON-SPD-002.1,REQ-MON-SPD-002,05-Мониторинг/04-Тест-скорости
AC-MON-SPD-002.2,REQ-MON-SPD-002,05-Мониторинг/04-Тест-скорости
AC-MON-SPD-002.3,REQ-MON-SPD-002,05-Мониторинг/04-Тест-скорости
AC-MON-SPD-002.4,REQ-MON-SPD-002,05-Мониторинг/04-Тест-скорости
AC-MON-SPD-002.5,REQ-MON-SPD-002,05-Мониторинг/04-Тест-скорости
AC-MON-SPD-003.1,REQ-MON-SPD-003,05-Мониторинг/04-Тест-скорости
AC-MON-SPD-003.2,REQ-MON-SPD-003,05-Мониторинг/04-Тест-скорости
AC-MON-SPD-003.3,REQ-MON-SPD-003,05-Мониторинг/04-Тест-скорости
AC-MON-SPD-003.4,REQ-MON-SPD-003,05-Мониторинг/04-Тест-скорости
AC-MON-SPD-004.1,REQ-MON-SPD-004,05-Мониторинг/04-Тест-скорости
AC-MON-SPD-004.2,REQ-MON-SPD-004,05-Мониторинг/04-Тест-скорости
AC-MON-SPD-004.3,REQ-MON-SPD-004,05-Мониторинг/04-Тест-скорости
AC-MON-SPD-004.4,REQ-MON-SPD-004,05-Мониторинг/04-Тест-скорости
AC-MON-SPD-005.1,REQ-MON-SPD-005,05-Мониторинг/04-Тест-скорости
AC-MON-SPD-005.2,REQ-MON-SPD-005,05-Мониторинг/04-Тест-скорости
AC-MON-SPD-005.3,REQ-MON-SPD-005,05-Мониторинг/04-Тест-скорости
AC-MON-PROC-001.1,REQ-MON-PROC-001,05-Мониторинг/05-Процессный-монитор-план
AC-MON-PROC-001.2,REQ-MON-PROC-001,05-Мониторинг/05-Процессный-монитор-план
AC-MON-PROC-001.3,REQ-MON-PROC-001,05-Мониторинг/05-Процессный-монитор-план
AC-MON-PROC-002.1,REQ-MON-PROC-002,05-Мониторинг/05-Процессный-монитор-план
AC-MON-PROC-002.2,REQ-MON-PROC-002,05-Мониторинг/05-Процессный-монитор-план
AC-MON-PROC-002.3,REQ-MON-PROC-002,05-Мониторинг/05-Процессный-монитор-план
AC-MON-PROC-002.4,REQ-MON-PROC-002,05-Мониторинг/05-Процессный-монитор-план
AC-MON-PROC-003.1,REQ-MON-PROC-003,05-Мониторинг/05-Процессный-монитор-план
AC-MON-PROC-003.2,REQ-MON-PROC-003,05-Мониторинг/05-Процессный-монитор-план
AC-MON-PROC-003.3,REQ-MON-PROC-003,05-Мониторинг/05-Процессный-монитор-план
AC-MON-PROC-003.4,REQ-MON-PROC-003,05-Мониторинг/05-Процессный-монитор-план
AC-MON-PROC-004.1,REQ-MON-PROC-004,05-Мониторинг/05-Процессный-монитор-план
AC-MON-PROC-004.2,REQ-MON-PROC-004,05-Мониторинг/05-Процессный-монитор-план
AC-MON-PROC-004.3,REQ-MON-PROC-004,05-Мониторинг/05-Процессный-монитор-план
AC-MON-PROC-005.1,REQ-MON-PROC-005,05-Мониторинг/05-Процессный-монитор-план
AC-MON-PROC-005.2,REQ-MON-PROC-005,05-Мониторинг/05-Процессный-монитор-план
AC-MON-PROC-005.3,REQ-MON-PROC-005,05-Мониторинг/05-Процессный-монитор-план
AC-MON-PROC-005.4,REQ-MON-PROC-005,05-Мониторинг/05-Процессный-монитор-план
AC-MON-001.1,REQ-MON-001,05-Мониторинг
AC-MON-001.2,REQ-MON-001,05-Мониторинг
AC-MON-001.3,REQ-MON-001,05-Мониторинг
AC-MON-001.4,REQ-MON-001,05-Мониторинг
AC-MON-002.1,REQ-MON-002,05-Мониторинг
AC-MON-002.2,REQ-MON-002,05-Мониторинг
AC-MON-002.3,REQ-MON-002,05-Мониторинг
AC-MON-003.1,REQ-MON-003,05-Мониторинг
AC-MON-003.2,REQ-MON-003,05-Мониторинг
AC-MON-003.3,REQ-MON-003,05-Мониторинг
AC-MON-003.4,REQ-MON-003,05-Мониторинг
AC-MON-003.5,REQ-MON-003,05-Мониторинг
AC-MON-004.1,REQ-MON-004,05-Мониторинг
AC-MON-004.2,REQ-MON-004,05-Мониторинг
AC-MON-004.3,REQ-MON-004,05-Мониторинг
AC-MON-004.4,REQ-MON-004,05-Мониторинг
AC-DIAG-LEAK-001.1,REQ-DIAG-LEAK-001,06-Диагностика/01-Проверка-утечек-и-маршрутов
AC-DIAG-LEAK-001.2,REQ-DIAG-LEAK-001,06-Диагностика/01-Проверка-утечек-и-маршрутов
AC-DIAG-LEAK-001.3,REQ-DIAG-LEAK-001,06-Диагностика/01-Проверка-утечек-и-маршрутов
AC-DIAG-LEAK-001.4,REQ-DIAG-LEAK-001,06-Диагностика/01-Проверка-утечек-и-маршрутов
AC-DIAG-LEAK-001.5,REQ-DIAG-LEAK-001,06-Диагностика/01-Проверка-утечек-и-маршрутов
AC-DIAG-LEAK-002.1,REQ-DIAG-LEAK-002,06-Диагностика/01-Проверка-утечек-и-маршрутов
AC-DIAG-LEAK-002.2,REQ-DIAG-LEAK-002,06-Диагностика/01-Проверка-утечек-и-маршрутов
AC-DIAG-LEAK-002.3,REQ-DIAG-LEAK-002,06-Диагностика/01-Проверка-утечек-и-маршрутов
AC-DIAG-LEAK-002.4,REQ-DIAG-LEAK-002,06-Диагностика/01-Проверка-утечек-и-маршрутов
AC-DIAG-LEAK-003.1,REQ-DIAG-LEAK-003,06-Диагностика/01-Проверка-утечек-и-маршрутов
AC-DIAG-LEAK-003.2,REQ-DIAG-LEAK-003,06-Диагностика/01-Проверка-утечек-и-маршрутов
AC-DIAG-LEAK-003.3,REQ-DIAG-LEAK-003,06-Диагностика/01-Проверка-утечек-и-маршрутов
AC-DIAG-LEAK-003.4,REQ-DIAG-LEAK-003,06-Диагностика/01-Проверка-утечек-и-маршрутов
AC-DIAG-LEAK-003.5,REQ-DIAG-LEAK-003,06-Диагностика/01-Проверка-утечек-и-маршрутов
AC-DIAG-LEAK-004.1,REQ-DIAG-LEAK-004,06-Диагностика/01-Проверка-утечек-и-маршрутов
AC-DIAG-LEAK-004.2,REQ-DIAG-LEAK-004,06-Диагностика/01-Проверка-утечек-и-маршрутов
AC-DIAG-LEAK-004.3,REQ-DIAG-LEAK-004,06-Диагностика/01-Проверка-утечек-и-маршрутов
AC-DIAG-LEAK-005.1,REQ-DIAG-LEAK-005,06-Диагностика/01-Проверка-утечек-и-маршрутов
AC-DIAG-LEAK-005.2,REQ-DIAG-LEAK-005,06-Диагностика/01-Проверка-утечек-и-маршрутов
AC-DIAG-LEAK-005.3,REQ-DIAG-LEAK-005,06-Диагностика/01-Проверка-утечек-и-маршрутов
AC-DIAG-EXP-001.1,REQ-DIAG-EXP-001,06-Диагностика/02-Экспорт-диагностики-и-журналы
AC-DIAG-EXP-001.2,REQ-DIAG-EXP-001,06-Диагностика/02-Экспорт-диагностики-и-журналы
AC-DIAG-EXP-001.3,REQ-DIAG-EXP-001,06-Диагностика/02-Экспорт-диагностики-и-журналы
AC-DIAG-EXP-001.4,REQ-DIAG-EXP-001,06-Диагностика/02-Экспорт-диагностики-и-журналы
AC-DIAG-EXP-001.5,REQ-DIAG-EXP-001,06-Диагностика/02-Экспорт-диагностики-и-журналы
AC-DIAG-EXP-002.1,REQ-DIAG-EXP-002,06-Диагностика/02-Экспорт-диагностики-и-журналы
AC-DIAG-EXP-002.2,REQ-DIAG-EXP-002,06-Диагностика/02-Экспорт-диагностики-и-журналы
AC-DIAG-EXP-002.3,REQ-DIAG-EXP-002,06-Диагностика/02-Экспорт-диагностики-и-журналы
AC-DIAG-EXP-002.4,REQ-DIAG-EXP-002,06-Диагностика/02-Экспорт-диагностики-и-журналы
AC-DIAG-EXP-003.1,REQ-DIAG-EXP-003,06-Диагностика/02-Экспорт-диагностики-и-журналы
AC-DIAG-EXP-003.2,REQ-DIAG-EXP-003,06-Диагностика/02-Экспорт-диагностики-и-журналы
AC-DIAG-EXP-003.3,REQ-DIAG-EXP-003,06-Диагностика/02-Экспорт-диагностики-и-журналы
AC-DIAG-EXP-004.1,REQ-DIAG-EXP-004,06-Диагностика/02-Экспорт-диагностики-и-журналы
AC-DIAG-EXP-004.2,REQ-DIAG-EXP-004,06-Диагностика/02-Экспорт-диагностики-и-журналы
AC-DIAG-EXP-004.3,REQ-DIAG-EXP-004,06-Диагностика/02-Экспорт-диагностики-и-журналы
AC-DIAG-EXP-004.4,REQ-DIAG-EXP-004,06-Диагностика/02-Экспорт-диагностики-и-журналы
AC-DIAG-EXP-004.5,REQ-DIAG-EXP-004,06-Диагностика/02-Экспорт-диагностики-и-журналы
AC-DIAG-EXP-004.6,REQ-DIAG-EXP-004,06-Диагностика/02-Экспорт-диагностики-и-журналы
AC-DIAG-EXP-004.7,REQ-DIAG-EXP-004,06-Диагностика/02-Экспорт-диагностики-и-журналы
AC-DIAG-EXP-005.1,REQ-DIAG-EXP-005,06-Диагностика/02-Экспорт-диагностики-и-журналы
AC-DIAG-EXP-005.2,REQ-DIAG-EXP-005,06-Диагностика/02-Экспорт-диагностики-и-журналы
AC-DIAG-EXP-005.3,REQ-DIAG-EXP-005,06-Диагностика/02-Экспорт-диагностики-и-журналы
AC-DIAG-EXP-005.4,REQ-DIAG-EXP-005,06-Диагностика/02-Экспорт-диагностики-и-журналы
AC-DIAG-EXP-005.5,REQ-DIAG-EXP-005,06-Диагностика/02-Экспорт-диагностики-и-журналы
AC-DIAG-FOR-001.1,REQ-DIAG-FOR-001,06-Диагностика/03-Форензика-трафика
AC-DIAG-FOR-001.2,REQ-DIAG-FOR-001,06-Диагностика/03-Форензика-трафика
AC-DIAG-FOR-001.3,REQ-DIAG-FOR-001,06-Диагностика/03-Форензика-трафика
AC-DIAG-FOR-001.4,REQ-DIAG-FOR-001,06-Диагностика/03-Форензика-трафика
AC-DIAG-FOR-001.5,REQ-DIAG-FOR-001,06-Диагностика/03-Форензика-трафика
AC-DIAG-FOR-001.6,REQ-DIAG-FOR-001,06-Диагностика/03-Форензика-трафика
AC-DIAG-FOR-002.1,REQ-DIAG-FOR-002,06-Диагностика/03-Форензика-трафика
AC-DIAG-FOR-002.2,REQ-DIAG-FOR-002,06-Диагностика/03-Форензика-трафика
AC-DIAG-FOR-002.3,REQ-DIAG-FOR-002,06-Диагностика/03-Форензика-трафика
AC-DIAG-FOR-002.4,REQ-DIAG-FOR-002,06-Диагностика/03-Форензика-трафика
AC-DIAG-FOR-002.5,REQ-DIAG-FOR-002,06-Диагностика/03-Форензика-трафика
AC-DIAG-FOR-003.1,REQ-DIAG-FOR-003,06-Диагностика/03-Форензика-трафика
AC-DIAG-FOR-003.2,REQ-DIAG-FOR-003,06-Диагностика/03-Форензика-трафика
AC-DIAG-FOR-003.3,REQ-DIAG-FOR-003,06-Диагностика/03-Форензика-трафика
AC-DIAG-FOR-003.4,REQ-DIAG-FOR-003,06-Диагностика/03-Форензика-трафика
AC-DIAG-FOR-003.5,REQ-DIAG-FOR-003,06-Диагностика/03-Форензика-трафика
AC-DIAG-FOR-004.1,REQ-DIAG-FOR-004,06-Диагностика/03-Форензика-трафика
AC-DIAG-FOR-004.2,REQ-DIAG-FOR-004,06-Диагностика/03-Форензика-трафика
AC-DIAG-FOR-004.3,REQ-DIAG-FOR-004,06-Диагностика/03-Форензика-трафика
AC-DIAG-FOR-004.4,REQ-DIAG-FOR-004,06-Диагностика/03-Форензика-трафика
AC-DIAG-FOR-004.5,REQ-DIAG-FOR-004,06-Диагностика/03-Форензика-трафика
AC-DIAG-FOR-005.1,REQ-DIAG-FOR-005,06-Диагностика/03-Форензика-трафика
AC-DIAG-FOR-005.2,REQ-DIAG-FOR-005,06-Диагностика/03-Форензика-трафика
AC-DIAG-FOR-005.3,REQ-DIAG-FOR-005,06-Диагностика/03-Форензика-трафика
AC-DIAG-FOR-005.4,REQ-DIAG-FOR-005,06-Диагностика/03-Форензика-трафика
AC-DIAG-FOR-005.5,REQ-DIAG-FOR-005,06-Диагностика/03-Форензика-трафика
AC-DIAG-FOR-005.6,REQ-DIAG-FOR-005,06-Диагностика/03-Форензика-трафика
AC-DIAG-FOR-006.1,REQ-DIAG-FOR-006,06-Диагностика/03-Форензика-трафика
AC-DIAG-FOR-006.2,REQ-DIAG-FOR-006,06-Диагностика/03-Форензика-трафика
AC-DIAG-FOR-006.3,REQ-DIAG-FOR-006,06-Диагностика/03-Форензика-трафика
AC-DIAG-MNT-001.1,REQ-DIAG-MNT-001,06-Диагностика/04-Обслуживание
AC-DIAG-MNT-001.2,REQ-DIAG-MNT-001,06-Диагностика/04-Обслуживание
AC-DIAG-MNT-001.3,REQ-DIAG-MNT-001,06-Диагностика/04-Обслуживание
AC-DIAG-MNT-002.1,REQ-DIAG-MNT-002,06-Диагностика/04-Обслуживание
AC-DIAG-MNT-002.2,REQ-DIAG-MNT-002,06-Диагностика/04-Обслуживание
AC-DIAG-MNT-002.3,REQ-DIAG-MNT-002,06-Диагностика/04-Обслуживание
AC-DIAG-MNT-002.4,REQ-DIAG-MNT-002,06-Диагностика/04-Обслуживание
AC-DIAG-MNT-003.1,REQ-DIAG-MNT-003,06-Диагностика/04-Обслуживание
AC-DIAG-MNT-003.2,REQ-DIAG-MNT-003,06-Диагностика/04-Обслуживание
AC-DIAG-MNT-003.3,REQ-DIAG-MNT-003,06-Диагностика/04-Обслуживание
AC-DIAG-MNT-003.4,REQ-DIAG-MNT-003,06-Диагностика/04-Обслуживание
AC-DIAG-MNT-003.5,REQ-DIAG-MNT-003,06-Диагностика/04-Обслуживание
AC-DIAG-MNT-004.1,REQ-DIAG-MNT-004,06-Диагностика/04-Обслуживание
AC-DIAG-MNT-004.2,REQ-DIAG-MNT-004,06-Диагностика/04-Обслуживание
AC-DIAG-MNT-004.3,REQ-DIAG-MNT-004,06-Диагностика/04-Обслуживание
AC-DIAG-MNT-004.4,REQ-DIAG-MNT-004,06-Диагностика/04-Обслуживание
AC-DIAG-MNT-005.1,REQ-DIAG-MNT-005,06-Диагностика/04-Обслуживание
AC-DIAG-MNT-005.2,REQ-DIAG-MNT-005,06-Диагностика/04-Обслуживание
AC-DIAG-MNT-005.3,REQ-DIAG-MNT-005,06-Диагностика/04-Обслуживание
AC-DIAG-MNT-005.4,REQ-DIAG-MNT-005,06-Диагностика/04-Обслуживание
AC-DIAG-MNT-006.1,REQ-DIAG-MNT-006,06-Диагностика/04-Обслуживание
AC-DIAG-MNT-006.2,REQ-DIAG-MNT-006,06-Диагностика/04-Обслуживание
AC-DIAG-MNT-006.3,REQ-DIAG-MNT-006,06-Диагностика/04-Обслуживание
AC-DIAG-MNT-006.4,REQ-DIAG-MNT-006,06-Диагностика/04-Обслуживание
AC-DIAG-001.1,REQ-DIAG-001,06-Диагностика
AC-DIAG-001.2,REQ-DIAG-001,06-Диагностика
AC-DIAG-001.3,REQ-DIAG-001,06-Диагностика
AC-DIAG-002.1,REQ-DIAG-002,06-Диагностика
AC-DIAG-002.2,REQ-DIAG-002,06-Диагностика
AC-DIAG-002.3,REQ-DIAG-002,06-Диагностика
AC-DIAG-002.4,REQ-DIAG-002,06-Диагностика
AC-DIAG-003.1,REQ-DIAG-003,06-Диагностика
AC-DIAG-003.2,REQ-DIAG-003,06-Диагностика
AC-DIAG-003.3,REQ-DIAG-003,06-Диагностика
AC-DIAG-003.4,REQ-DIAG-003,06-Диагностика
AC-DIAG-004.1,REQ-DIAG-004,06-Диагностика
AC-DIAG-004.2,REQ-DIAG-004,06-Диагностика
AC-DIAG-004.3,REQ-DIAG-004,06-Диагностика
AC-DIAG-004.4,REQ-DIAG-004,06-Диагностика
AC-SOFT-001.1,REQ-SOFT-001,07-Soft-режим
AC-SOFT-001.2,REQ-SOFT-001,07-Soft-режим
AC-SOFT-001.3,REQ-SOFT-001,07-Soft-режим
AC-SOFT-001.4,REQ-SOFT-001,07-Soft-режим
AC-SOFT-002.1,REQ-SOFT-002,07-Soft-режим
AC-SOFT-002.2,REQ-SOFT-002,07-Soft-режим
AC-SOFT-002.3,REQ-SOFT-002,07-Soft-режим
AC-SOFT-002.4,REQ-SOFT-002,07-Soft-режим
AC-SOFT-002.5,REQ-SOFT-002,07-Soft-режим
AC-SOFT-002.6,REQ-SOFT-002,07-Soft-режим
AC-SOFT-002.7,REQ-SOFT-002,07-Soft-режим
AC-SOFT-002.8,REQ-SOFT-002,07-Soft-режим
AC-SOFT-003.1,REQ-SOFT-003,07-Soft-режим
AC-SOFT-003.2,REQ-SOFT-003,07-Soft-режим
AC-SOFT-003.3,REQ-SOFT-003,07-Soft-режим
AC-SOFT-003.4,REQ-SOFT-003,07-Soft-режим
AC-SOFT-003.5,REQ-SOFT-003,07-Soft-режим
AC-SOFT-003.6,REQ-SOFT-003,07-Soft-режим
AC-SOFT-003.7,REQ-SOFT-003,07-Soft-режим
AC-SOFT-003.8,REQ-SOFT-003,07-Soft-режим
AC-SOFT-004.1,REQ-SOFT-004,07-Soft-режим
AC-SOFT-004.2,REQ-SOFT-004,07-Soft-режим
AC-SOFT-004.3,REQ-SOFT-004,07-Soft-режим
AC-AUTO-SCH-001.1,REQ-AUTO-SCH-001,08-Автоматизация/01-Расписание
AC-AUTO-SCH-001.2,REQ-AUTO-SCH-001,08-Автоматизация/01-Расписание
AC-AUTO-SCH-001.3,REQ-AUTO-SCH-001,08-Автоматизация/01-Расписание
AC-AUTO-SCH-001.4,REQ-AUTO-SCH-001,08-Автоматизация/01-Расписание
AC-AUTO-SCH-001.5,REQ-AUTO-SCH-001,08-Автоматизация/01-Расписание
AC-AUTO-SCH-001.6,REQ-AUTO-SCH-001,08-Автоматизация/01-Расписание
AC-AUTO-SCH-002.1,REQ-AUTO-SCH-002,08-Автоматизация/01-Расписание
AC-AUTO-SCH-002.2,REQ-AUTO-SCH-002,08-Автоматизация/01-Расписание
AC-AUTO-SCH-002.3,REQ-AUTO-SCH-002,08-Автоматизация/01-Расписание
AC-AUTO-SCH-002.4,REQ-AUTO-SCH-002,08-Автоматизация/01-Расписание
AC-AUTO-SCH-002.5,REQ-AUTO-SCH-002,08-Автоматизация/01-Расписание
AC-AUTO-SCH-002.6,REQ-AUTO-SCH-002,08-Автоматизация/01-Расписание
AC-AUTO-SCH-003.1,REQ-AUTO-SCH-003,08-Автоматизация/01-Расписание
AC-AUTO-SCH-003.2,REQ-AUTO-SCH-003,08-Автоматизация/01-Расписание
AC-AUTO-SCH-003.3,REQ-AUTO-SCH-003,08-Автоматизация/01-Расписание
AC-AUTO-SCH-003.4,REQ-AUTO-SCH-003,08-Автоматизация/01-Расписание
AC-AUTO-SCH-004.1,REQ-AUTO-SCH-004,08-Автоматизация/01-Расписание
AC-AUTO-SCH-004.2,REQ-AUTO-SCH-004,08-Автоматизация/01-Расписание
AC-AUTO-SCH-004.3,REQ-AUTO-SCH-004,08-Автоматизация/01-Расписание
AC-AUTO-SCH-005.1,REQ-AUTO-SCH-005,08-Автоматизация/01-Расписание
AC-AUTO-SCH-005.2,REQ-AUTO-SCH-005,08-Автоматизация/01-Расписание
AC-AUTO-SCH-005.3,REQ-AUTO-SCH-005,08-Автоматизация/01-Расписание
AC-AUTO-SCH-005.4,REQ-AUTO-SCH-005,08-Автоматизация/01-Расписание
AC-AUTO-SCH-006.1,REQ-AUTO-SCH-006,08-Автоматизация/01-Расписание
AC-AUTO-SCH-006.2,REQ-AUTO-SCH-006,08-Автоматизация/01-Расписание
AC-AUTO-SCH-006.3,REQ-AUTO-SCH-006,08-Автоматизация/01-Расписание
AC-AUTO-SCH-006.4,REQ-AUTO-SCH-006,08-Автоматизация/01-Расписание
AC-AUTO-ROT-001.1,REQ-AUTO-ROT-001,08-Автоматизация/02-Ротация-профилей
AC-AUTO-ROT-001.2,REQ-AUTO-ROT-001,08-Автоматизация/02-Ротация-профилей
AC-AUTO-ROT-001.3,REQ-AUTO-ROT-001,08-Автоматизация/02-Ротация-профилей
AC-AUTO-ROT-001.4,REQ-AUTO-ROT-001,08-Автоматизация/02-Ротация-профилей
AC-AUTO-ROT-001.5,REQ-AUTO-ROT-001,08-Автоматизация/02-Ротация-профилей
AC-AUTO-ROT-001.6,REQ-AUTO-ROT-001,08-Автоматизация/02-Ротация-профилей
AC-AUTO-ROT-001.7,REQ-AUTO-ROT-001,08-Автоматизация/02-Ротация-профилей
AC-AUTO-ROT-002.1,REQ-AUTO-ROT-002,08-Автоматизация/02-Ротация-профилей
AC-AUTO-ROT-002.2,REQ-AUTO-ROT-002,08-Автоматизация/02-Ротация-профилей
AC-AUTO-ROT-002.3,REQ-AUTO-ROT-002,08-Автоматизация/02-Ротация-профилей
AC-AUTO-ROT-002.4,REQ-AUTO-ROT-002,08-Автоматизация/02-Ротация-профилей
AC-AUTO-ROT-003.1,REQ-AUTO-ROT-003,08-Автоматизация/02-Ротация-профилей
AC-AUTO-ROT-003.2,REQ-AUTO-ROT-003,08-Автоматизация/02-Ротация-профилей
AC-AUTO-ROT-003.3,REQ-AUTO-ROT-003,08-Автоматизация/02-Ротация-профилей
AC-AUTO-ROT-003.4,REQ-AUTO-ROT-003,08-Автоматизация/02-Ротация-профилей
AC-AUTO-ROT-003.5,REQ-AUTO-ROT-003,08-Автоматизация/02-Ротация-профилей
AC-AUTO-ROT-004.1,REQ-AUTO-ROT-004,08-Автоматизация/02-Ротация-профилей
AC-AUTO-ROT-004.2,REQ-AUTO-ROT-004,08-Автоматизация/02-Ротация-профилей
AC-AUTO-ROT-004.3,REQ-AUTO-ROT-004,08-Автоматизация/02-Ротация-профилей
AC-AUTO-ROT-004.4,REQ-AUTO-ROT-004,08-Автоматизация/02-Ротация-профилей
AC-AUTO-ROT-005.1,REQ-AUTO-ROT-005,08-Автоматизация/02-Ротация-профилей
AC-AUTO-ROT-005.2,REQ-AUTO-ROT-005,08-Автоматизация/02-Ротация-профилей
AC-AUTO-AP-001.1,REQ-AUTO-AP-001,08-Автоматизация/03-AutoPilot
AC-AUTO-AP-001.2,REQ-AUTO-AP-001,08-Автоматизация/03-AutoPilot
AC-AUTO-AP-001.3,REQ-AUTO-AP-001,08-Автоматизация/03-AutoPilot
AC-AUTO-AP-001.4,REQ-AUTO-AP-001,08-Автоматизация/03-AutoPilot
AC-AUTO-AP-002.1,REQ-AUTO-AP-002,08-Автоматизация/03-AutoPilot
AC-AUTO-AP-002.2,REQ-AUTO-AP-002,08-Автоматизация/03-AutoPilot
AC-AUTO-AP-002.3,REQ-AUTO-AP-002,08-Автоматизация/03-AutoPilot
AC-AUTO-AP-002.4,REQ-AUTO-AP-002,08-Автоматизация/03-AutoPilot
AC-AUTO-AP-003.1,REQ-AUTO-AP-003,08-Автоматизация/03-AutoPilot
AC-AUTO-AP-003.2,REQ-AUTO-AP-003,08-Автоматизация/03-AutoPilot
AC-AUTO-AP-003.3,REQ-AUTO-AP-003,08-Автоматизация/03-AutoPilot
AC-AUTO-AP-003.4,REQ-AUTO-AP-003,08-Автоматизация/03-AutoPilot
AC-AUTO-AP-003.5,REQ-AUTO-AP-003,08-Автоматизация/03-AutoPilot
AC-AUTO-AP-004.1,REQ-AUTO-AP-004,08-Автоматизация/03-AutoPilot
AC-AUTO-AP-004.2,REQ-AUTO-AP-004,08-Автоматизация/03-AutoPilot
AC-AUTO-AP-005.1,REQ-AUTO-AP-005,08-Автоматизация/03-AutoPilot
AC-AUTO-AP-005.2,REQ-AUTO-AP-005,08-Автоматизация/03-AutoPilot
AC-AUTO-AP-005.3,REQ-AUTO-AP-005,08-Автоматизация/03-AutoPilot
AC-AUTO-001.1,REQ-AUTO-001,08-Автоматизация
AC-AUTO-001.2,REQ-AUTO-001,08-Автоматизация
AC-AUTO-001.3,REQ-AUTO-001,08-Автоматизация
AC-AUTO-002.1,REQ-AUTO-002,08-Автоматизация
AC-AUTO-002.2,REQ-AUTO-002,08-Автоматизация
AC-AUTO-003.1,REQ-AUTO-003,08-Автоматизация
AC-AUTO-003.2,REQ-AUTO-003,08-Автоматизация
AC-AUTO-003.3,REQ-AUTO-003,08-Автоматизация
AC-SET-WIZ-001.1,REQ-SET-WIZ-001,09-Настройки/01-Мастер-первого-запуска
AC-SET-WIZ-001.2,REQ-SET-WIZ-001,09-Настройки/01-Мастер-первого-запуска
AC-SET-WIZ-001.3,REQ-SET-WIZ-001,09-Настройки/01-Мастер-первого-запуска
AC-SET-WIZ-002.1,REQ-SET-WIZ-002,09-Настройки/01-Мастер-первого-запуска
AC-SET-WIZ-002.2,REQ-SET-WIZ-002,09-Настройки/01-Мастер-первого-запуска
AC-SET-WIZ-002.3,REQ-SET-WIZ-002,09-Настройки/01-Мастер-первого-запуска
AC-SET-WIZ-002.4,REQ-SET-WIZ-002,09-Настройки/01-Мастер-первого-запуска
AC-SET-WIZ-002.5,REQ-SET-WIZ-002,09-Настройки/01-Мастер-первого-запуска
AC-SET-WIZ-002.6,REQ-SET-WIZ-002,09-Настройки/01-Мастер-первого-запуска
AC-SET-WIZ-002.7,REQ-SET-WIZ-002,09-Настройки/01-Мастер-первого-запуска
AC-SET-WIZ-003.1,REQ-SET-WIZ-003,09-Настройки/01-Мастер-первого-запуска
AC-SET-WIZ-003.2,REQ-SET-WIZ-003,09-Настройки/01-Мастер-первого-запуска
AC-SET-WIZ-003.3,REQ-SET-WIZ-003,09-Настройки/01-Мастер-первого-запуска
AC-SET-WIZ-003.4,REQ-SET-WIZ-003,09-Настройки/01-Мастер-первого-запуска
AC-SET-CFG-001.1,REQ-SET-CFG-001,09-Настройки/02-Импорт-экспорт-конфигурации
AC-SET-CFG-001.2,REQ-SET-CFG-001,09-Настройки/02-Импорт-экспорт-конфигурации
AC-SET-CFG-001.3,REQ-SET-CFG-001,09-Настройки/02-Импорт-экспорт-конфигурации
AC-SET-CFG-001.4,REQ-SET-CFG-001,09-Настройки/02-Импорт-экспорт-конфигурации
AC-SET-CFG-001.5,REQ-SET-CFG-001,09-Настройки/02-Импорт-экспорт-конфигурации
AC-SET-CFG-002.1,REQ-SET-CFG-002,09-Настройки/02-Импорт-экспорт-конфигурации
AC-SET-CFG-002.2,REQ-SET-CFG-002,09-Настройки/02-Импорт-экспорт-конфигурации
AC-SET-CFG-002.3,REQ-SET-CFG-002,09-Настройки/02-Импорт-экспорт-конфигурации
AC-SET-CFG-002.4,REQ-SET-CFG-002,09-Настройки/02-Импорт-экспорт-конфигурации
AC-SET-CFG-002.5,REQ-SET-CFG-002,09-Настройки/02-Импорт-экспорт-конфигурации
AC-SET-CFG-002.6,REQ-SET-CFG-002,09-Настройки/02-Импорт-экспорт-конфигурации
AC-SET-CFG-003.1,REQ-SET-CFG-003,09-Настройки/02-Импорт-экспорт-конфигурации
AC-SET-CFG-003.2,REQ-SET-CFG-003,09-Настройки/02-Импорт-экспорт-конфигурации
AC-SET-CFG-003.3,REQ-SET-CFG-003,09-Настройки/02-Импорт-экспорт-конфигурации
AC-SET-CFG-003.4,REQ-SET-CFG-003,09-Настройки/02-Импорт-экспорт-конфигурации
AC-SET-CFG-003.5,REQ-SET-CFG-003,09-Настройки/02-Импорт-экспорт-конфигурации
AC-SET-CFG-003.6,REQ-SET-CFG-003,09-Настройки/02-Импорт-экспорт-конфигурации
AC-SET-UI-001.1,REQ-SET-UI-001,09-Настройки/03-Уведомления-тема-язык
AC-SET-UI-001.2,REQ-SET-UI-001,09-Настройки/03-Уведомления-тема-язык
AC-SET-UI-001.3,REQ-SET-UI-001,09-Настройки/03-Уведомления-тема-язык
AC-SET-UI-001.4,REQ-SET-UI-001,09-Настройки/03-Уведомления-тема-язык
AC-SET-UI-001.5,REQ-SET-UI-001,09-Настройки/03-Уведомления-тема-язык
AC-SET-UI-002.1,REQ-SET-UI-002,09-Настройки/03-Уведомления-тема-язык
AC-SET-UI-002.2,REQ-SET-UI-002,09-Настройки/03-Уведомления-тема-язык
AC-SET-UI-002.3,REQ-SET-UI-002,09-Настройки/03-Уведомления-тема-язык
AC-SET-UI-002.4,REQ-SET-UI-002,09-Настройки/03-Уведомления-тема-язык
AC-SET-UI-002.5,REQ-SET-UI-002,09-Настройки/03-Уведомления-тема-язык
AC-SET-UI-003.1,REQ-SET-UI-003,09-Настройки/03-Уведомления-тема-язык
AC-SET-UI-003.2,REQ-SET-UI-003,09-Настройки/03-Уведомления-тема-язык
AC-SET-UI-003.3,REQ-SET-UI-003,09-Настройки/03-Уведомления-тема-язык
AC-SET-UI-003.4,REQ-SET-UI-003,09-Настройки/03-Уведомления-тема-язык
AC-SET-UI-003.5,REQ-SET-UI-003,09-Настройки/03-Уведомления-тема-язык
AC-SET-UI-003.6,REQ-SET-UI-003,09-Настройки/03-Уведомления-тема-язык
AC-SET-UI-004.1,REQ-SET-UI-004,09-Настройки/03-Уведомления-тема-язык
AC-SET-UI-004.2,REQ-SET-UI-004,09-Настройки/03-Уведомления-тема-язык
AC-SET-UI-004.3,REQ-SET-UI-004,09-Настройки/03-Уведомления-тема-язык
AC-SET-UI-004.4,REQ-SET-UI-004,09-Настройки/03-Уведомления-тема-язык
AC-SET-UI-004.5,REQ-SET-UI-004,09-Настройки/03-Уведомления-тема-язык
AC-SET-UI-005.1,REQ-SET-UI-005,09-Настройки/03-Уведомления-тема-язык
AC-SET-UI-005.2,REQ-SET-UI-005,09-Настройки/03-Уведомления-тема-язык
AC-SET-UI-005.3,REQ-SET-UI-005,09-Настройки/03-Уведомления-тема-язык
AC-SET-UI-005.4,REQ-SET-UI-005,09-Настройки/03-Уведомления-тема-язык
AC-SET-AUTO-001.1,REQ-SET-AUTO-001,09-Настройки/04-Автозапуск
AC-SET-AUTO-001.2,REQ-SET-AUTO-001,09-Настройки/04-Автозапуск
AC-SET-AUTO-001.3,REQ-SET-AUTO-001,09-Настройки/04-Автозапуск
AC-SET-AUTO-001.4,REQ-SET-AUTO-001,09-Настройки/04-Автозапуск
AC-SET-AUTO-002.1,REQ-SET-AUTO-002,09-Настройки/04-Автозапуск
AC-SET-AUTO-002.2,REQ-SET-AUTO-002,09-Настройки/04-Автозапуск
AC-SET-AUTO-002.3,REQ-SET-AUTO-002,09-Настройки/04-Автозапуск
AC-SET-AUTO-003.1,REQ-SET-AUTO-003,09-Настройки/04-Автозапуск
AC-SET-AUTO-003.2,REQ-SET-AUTO-003,09-Настройки/04-Автозапуск
AC-SET-AUTO-003.3,REQ-SET-AUTO-003,09-Настройки/04-Автозапуск
AC-SET-AUTO-003.4,REQ-SET-AUTO-003,09-Настройки/04-Автозапуск
AC-SET-001.1,REQ-SET-001,09-Настройки
AC-SET-001.2,REQ-SET-001,09-Настройки
AC-SET-001.3,REQ-SET-001,09-Настройки
AC-SET-002.1,REQ-SET-002,09-Настройки
AC-SET-002.2,REQ-SET-002,09-Настройки
AC-SET-002.3,REQ-SET-002,09-Настройки
AC-SET-002.4,REQ-SET-002,09-Настройки
AC-SET-002.5,REQ-SET-002,09-Настройки
AC-SET-002.6,REQ-SET-002,09-Настройки
AC-SET-003.1,REQ-SET-003,09-Настройки
AC-SET-003.2,REQ-SET-003,09-Настройки
AC-SET-003.3,REQ-SET-003,09-Настройки
AC-SET-003.4,REQ-SET-003,09-Настройки
AC-SET-003.5,REQ-SET-003,09-Настройки
AC-SET-003.6,REQ-SET-003,09-Настройки
AC-SET-004.1,REQ-SET-004,09-Настройки
AC-SET-004.2,REQ-SET-004,09-Настройки
AC-SET-004.3,REQ-SET-004,09-Настройки
AC-ISO-001.1,REQ-ISO-001,10-Изоляция-аккаунтов-план
AC-ISO-001.2,REQ-ISO-001,10-Изоляция-аккаунтов-план
AC-ISO-001.3,REQ-ISO-001,10-Изоляция-аккаунтов-план
AC-ISO-001.4,REQ-ISO-001,10-Изоляция-аккаунтов-план
AC-ISO-002.1,REQ-ISO-002,10-Изоляция-аккаунтов-план
AC-ISO-002.2,REQ-ISO-002,10-Изоляция-аккаунтов-план
AC-ISO-002.3,REQ-ISO-002,10-Изоляция-аккаунтов-план
AC-ISO-003.1,REQ-ISO-003,10-Изоляция-аккаунтов-план
AC-ISO-003.2,REQ-ISO-003,10-Изоляция-аккаунтов-план
AC-ISO-003.3,REQ-ISO-003,10-Изоляция-аккаунтов-план
AC-ISO-003.4,REQ-ISO-003,10-Изоляция-аккаунтов-план
AC-ISO-004.1,REQ-ISO-004,10-Изоляция-аккаунтов-план
AC-ISO-004.2,REQ-ISO-004,10-Изоляция-аккаунтов-план
AC-ISO-004.3,REQ-ISO-004,10-Изоляция-аккаунтов-план
AC-ISO-004.4,REQ-ISO-004,10-Изоляция-аккаунтов-план
AC-ISO-005.1,REQ-ISO-005,10-Изоляция-аккаунтов-план
AC-ISO-005.2,REQ-ISO-005,10-Изоляция-аккаунтов-план
AC-ISO-005.3,REQ-ISO-005,10-Изоляция-аккаунтов-план
AC-ISO-006.1,REQ-ISO-006,10-Изоляция-аккаунтов-план
AC-ISO-006.2,REQ-ISO-006,10-Изоляция-аккаунтов-план
AC-ISO-006.3,REQ-ISO-006,10-Изоляция-аккаунтов-план
AC-ISO-006.4,REQ-ISO-006,10-Изоляция-аккаунтов-план
AC-ISO-007.1,REQ-ISO-007,10-Изоляция-аккаунтов-план
AC-ISO-007.2,REQ-ISO-007,10-Изоляция-аккаунтов-план
